{
  "fishing": {
    "inventory": {
      "🦐": 45,
      "🐋": 13,
      "🦑": 43,
      "🐙": 37,
      "🐳": 18,
      "🐬": 11,
      "🐡": 64,
      "🐟": 26,
      "🦈": 31,
      "🐠": 25
    },
    "stats": {
      "totalCatches": 343,
      "rareCatches": 137,
      "lastFishingTime": 1736002445424,
      "fishingCount": 2
    }
  },
  "mining": {
    "inventory": {
      "💎": 4,
      "🪨": 36,
      "🪙": 17
    },
    "stats": {
      "totalMined": 57,
      "rareMined": 4,
      "lastMiningTime": 1736002457990,
      "miningCount": 2,
      "level": 1
    },
    "equipment": {
      "pickaxe": "stone",
      "pickaxeDurability": 48
    }
  }
}