{"version":125,"hash":{"type":"Buffer","data":"dZY4c8dDLTn0S+eyf8l4zDPrvYmhQW5LWN/MpCEftkafyraP56kquPmbpON58VwmoCEcTXqBqsAaBKU8tx+WkGdZ88Ei3bXDLAKjpZ0kpV2yj6b2kzGbdmrlndiQG2a4yHU9+OKq8R7/iz62N0ozFXBKgC9dzFm36J43QPORM54="},"indexValueMap":{"CUtP+aU5yYrQCKqZ3CCkRUVzajqIRm/5fCvL3pGH0BE=":{"valueMac":{"type":"Buffer","data":"o8ZX+nMf2p7RyJ/txB7nWOVDUdNWNpDqt0KcVWiYBbg="}},"DMUXwskyiWcygOUe+T0Yxm5XtP6jIp7kIBGB3WZwq/E=":{"valueMac":{"type":"Buffer","data":"pmsn4S6X4bXNVrM9gNa9q9iDcOC71lV/cjGRqxj2yYA="}},"FhIkN0fRZ8XvJ9PMQPX45VKcWWhGzCt6wCwFSeBuw40=":{"valueMac":{"type":"Buffer","data":"m8bu7b18hu0TkleXxqhaX5nsspAqDiSZevk3RRw34U4="}},"Hc2Jnjab0XEHwMykzazllV7AJHkbGzzTwD6zFemPqcA=":{"valueMac":{"type":"Buffer","data":"nN9C7dHmDPt45Ul8uTPFOgIpk5B8HgRMQoGbsQBrhfo="}},"MAZHBKFRteARa39YSOvwUs3NfW7a7m8vH2pRA9yBOcM=":{"valueMac":{"type":"Buffer","data":"6Ff3tASawCDa4OSQteAgF+Qt6XVxoOxJFeE1O6LmgqU="}},"ONmzt214OLUjAUs3eMiuiVYXsfhFpaU81vNiD9LerPs=":{"valueMac":{"type":"Buffer","data":"/o80Q2hzQl5ddEV9V6acG6ps3+x2Q+ulll/L16ItmwQ="}},"Q2egcQqeU4LlUmRlB+h1vQbiG6mnmgPpAb/GhakNXRg=":{"valueMac":{"type":"Buffer","data":"bSKV5GlvXb2fARvEWgMfMEh1LaXpqJBRpNRHu8PJTdU="}},"SY0ALqOGWF8TB33wPOmxWiY+wFaUOMzXAgbCqpdZt4A=":{"valueMac":{"type":"Buffer","data":"GXkwJ2sWpRLbuV89W0LvOOUH4CVD3ysWbGwbUtYlDl4="}},"SeS+4csTa4PCxk7v39Po/qxh1APPZK/tHWeuVTYtOoA=":{"valueMac":{"type":"Buffer","data":"6MZ9x9okH/KecKnvH5KgJPCWhl7N5//fz4JimCREK2E="}},"Svqbx11S3L5w3LBDWHeUR5wmJbGKrvKvUxN3jW3EJEk=":{"valueMac":{"type":"Buffer","data":"vneRai08SOfz9XuVl2NaAb6lPTFBaZfI/8Fai+jpv5A="}},"UEnbyBnbz55dZgm5SwuQD3PcermaZQC+DVPjDMrszX8=":{"valueMac":{"type":"Buffer","data":"V/0GcGgOVY7w6r8lWqji1E/85p1deevhxLsMe3WsPiU="}},"UbApWg743IoEQR3A8rY/T/RjIKypKNVR/LCyMjwCiSg=":{"valueMac":{"type":"Buffer","data":"0PXByby05lczoHDBUniriu3S0f6J8ULrLi9aULqqFnc="}},"VVpJJLIquYJIqcDIJ+6uthZ9KfIGKwCfMeXFCHE2zRA=":{"valueMac":{"type":"Buffer","data":"PVwjbrXX+1XijdDYUObTfGwFvZFpDnlitpaRnt6r8OE="}},"Voa2r9SOEGVRen8hYKftkCjkaYPqZLbM6J3gV6ZkP6k=":{"valueMac":{"type":"Buffer","data":"GzaiI5T7ceCbDdfl2ETz0QRV9i9MZuu7WTtewwjiHs0="}},"WAzHWZTxKD2krHKU5aaBdZPJM9cHNgpack8/LC1dOhc=":{"valueMac":{"type":"Buffer","data":"QY92o2CyG4kN2pGjBSNNI+l4lePnVrxAcFp+oO/fzp8="}},"WA2GSR+RAXq8bE6ElpmEYqmDrnMjitGeIkEv7vgmQZM=":{"valueMac":{"type":"Buffer","data":"XCHpBSQG9jOcvbfEvaTXsEQeQvtvGzvP9E65cLizk84="}},"YUHkFz9x3NSPSyQhkDujqCmp/kVW2MaC1icjOkS7JuI=":{"valueMac":{"type":"Buffer","data":"tuU8Q2azudiziCOdUOcN+tLe2xDvjbdCMlCxDwCAgZU="}},"Y6h4kBjlQiwqKbbAkt0f+bh7zheFRPNwY2/P3Du1Uq0=":{"valueMac":{"type":"Buffer","data":"Lz5Oie+fcunvJKNTIgiFAuP59Rx1bv6DpcuVDKYvEMc="}},"b44srRTs1zjXwxmOdVP1/vV0PgWMGbdyLF4tSM8Mb84=":{"valueMac":{"type":"Buffer","data":"K7urqqON0Vc3cea7KjXU9A0qqvzlrFQuQun4PteG1V4="}},"epJaHQ2wErQN+wctcXlfNfiAfgBRnMjJF6H+yuD62NM=":{"valueMac":{"type":"Buffer","data":"6Zcj9vWchi0OvRX9rUOsfGjqnNvNmWlBBihE9obR4Nw="}},"i9KGyJQ+3A8q5g0MiZ88t7+1GcuTp5+7Kc0cX0MpQQ4=":{"valueMac":{"type":"Buffer","data":"kTqqPZ8RDhyCW34Aj40wAYHwB4qtKo+gmgHLPzOtWmA="}},"l2/ScjZzKV8KyoI7w5eKOW6sVACEQcycARXdZzuqPow=":{"valueMac":{"type":"Buffer","data":"4PeMubapRsCSI761rYVYnSmZHoOdEIuxhI+ALYe8Qsc="}},"mQWLzeh8WbY4vLSYcpuhZHZLPqPaI3+NadxBSXyayjc=":{"valueMac":{"type":"Buffer","data":"c6GUlKXmlbwBWuqxHeelZuu56tK2R4TcroXwNu1xogc="}},"mzuNutBdUfsg1FEwFsqHUSbJhrKjrFNBeybDW2iMTqU=":{"valueMac":{"type":"Buffer","data":"LsydPu9rkMXgmYPmrVpgxW7SQPg1A969xvgC0hqBmo0="}},"qX8mr9q6Ci8XQPoxJdMrHyulicu+51ngIVR8stc2AU8=":{"valueMac":{"type":"Buffer","data":"Qb29ilwxpi4/WY95JfBYMzc8G02uMjKNPWJ3yrYXmbI="}},"rgcPzEz9HQSGE0sc87krxan45f5TKEyvWCMHGjSwISo=":{"valueMac":{"type":"Buffer","data":"pyBGSmJd5HA+W4afz8B0S93GHh9Q2zT5K0HSDcCnw/U="}},"sIQf/3m2XTXaUouiHXK58rWL3FmWHr9OEQE+5d1l4u0=":{"valueMac":{"type":"Buffer","data":"dxrZ9fET8h07V7VqBLgsX9DgRcUI2uu/bOnQ3JyPFe0="}},"uaQ+qZB0xxhu+KOGcdP6XhujEQLe3P03p/CED2FQWIs=":{"valueMac":{"type":"Buffer","data":"1hE9paN6nsvPQ9WOQ0RSuSQs+ZKZAZ0OrsYGCoW+MyU="}},"ukfWiLNUtndBMGfkMopTR/f5ayu4qw2TqrBLQ3ZQKHw=":{"valueMac":{"type":"Buffer","data":"5luuL1mm71bOeqhMXc415Thyf9hhtMSn1dS4BDWOtSs="}},"xvOwhXTboTPTBkfGLMh1xuUD/L33dqOu8etJvjHw898=":{"valueMac":{"type":"Buffer","data":"flEG2vEJ6Ym8OdxhPo+a4aP8SRQtgCihnNITRFGrMjM="}},"zMRl+f7ZS/75cnX1lpJO6bNUa8/GCOlQJfJvXE4269c=":{"valueMac":{"type":"Buffer","data":"S5N7GZ2GKwuFOQr7IQSoEOoDYjkTA4uhX6O7spietVk="}},"09Fl/rGHJsc6V2WWpy6cu06I2xEu+4EWj6IaWda/lFY=":{"valueMac":{"type":"Buffer","data":"gnJyhmOYI2vRwSMW1WmIiOWN9VOVN3r4mxKww+xZrAA="}},"4eub6WTa7SAv1Vww19b1Q5wIfUYLobcNaDwWM9oiFK4=":{"valueMac":{"type":"Buffer","data":"sO++BjOZPs2LeVdYCEikb7kWpEJnbp4OtiRhYruj+40="}},"7hZLiUi5a2honHl4jzVQsEE9rni8oYVJC6skDIbMeZw=":{"valueMac":{"type":"Buffer","data":"SX443vmgQ2pVbV6Rq59UUJ5G3aqqf4JTX7L1QETMBiM="}},"9RLXzbkMweFhJXCKcyDkxNI74JN0CSpUoFHqYI+9Vks=":{"valueMac":{"type":"Buffer","data":"h2Euyl8ny2bJLTAZ1sJDv3VjU/TY9lwIpdW+4eJ2jWM="}},"+AmpVy4/MSoH/JSZEQ2WOU+i2V01KP91HKksuDf1/HA=":{"valueMac":{"type":"Buffer","data":"HE2Om6NyreoAj7UwFe7w4PMiR7yi1GSjJvTziOt7XX0="}},"5HaMai4ULQ9l6hdq5WyIMoNY5zr4bcV0mrcjfmrAnDQ=":{"valueMac":{"type":"Buffer","data":"l+4P/Ue8+RG6S0paqTHdcQmg/jv1phKpOPP6kt0Vth8="}},"N4rAyBkLLk0luM4MD5KO/+077RynVGpq5QP9+BVXge8=":{"valueMac":{"type":"Buffer","data":"exiGbBdQ+O2u/Zdr/+3f1PIwl8P8W3X9EwmGBiEhqlQ="}}}}