{"version":275,"hash":{"type":"Buffer","data":"CsFgsdsL1emqUxTUBxCh6SKToXhU4ieRralBPvMCpiYGka1Q5sbjdJdbZnKN3pkLsjm2iUE03oOOkolUwUur1IQ39jlVjxujbM/PAcd1HppDtw+gDMB7hZLN1FGHp/14VyEmSJ58jUsc7d2rAfeAjio6YqfP+StIA8utXK2JXZY="},"indexValueMap":{"AMaSTEebjYHrNcq25dXba+m6IcMnVdRUHbJAVx+jQow=":{"valueMac":{"type":"Buffer","data":"4d0v8R8irel4GvQ2Ps9EP+mT4OxPTkzyaBtkoDVilAg="}},"AMcgJE8B0ZoiI8YfNdXGDIcZ0WnqjCUZuIT4DGoUO84=":{"valueMac":{"type":"Buffer","data":"gI2pVeYkSakd409ngtltHmbYdY3UsP82TzCsrBJYoxQ="}},"AONao9sdopLDKojyZdovvjeXEzFx2z9QYRUOdIs+q1k=":{"valueMac":{"type":"Buffer","data":"5XyGM+LagbRiD9H5vkP9q0QhT5KGnZx1uvS1LcHt76M="}},"Ae6sbkSN6DeYaq/SiYrHJHQGMNpunr82ucv6MMWNv8U=":{"valueMac":{"type":"Buffer","data":"C70BiwV/X1N3jYFjuNzq0lMFcj/yF8rqem5S2zM/N2M="}},"Ag31xX0sCHfBjqaaCY120Aulz4+nzVLpT/1jjNf6/e0=":{"valueMac":{"type":"Buffer","data":"1T4VlTqXJAvWTpE2drAISNr+8pBxeGqfZC1y/IyzFSg="}},"A8ExWe/Q5g/UpzLHMcLVmruwr1HahcHgpIQoD6E64A8=":{"valueMac":{"type":"Buffer","data":"bD2+RODmBbUdJ8zfzgWAXWMZUjeJOozwFlk/K96flNI="}},"BdOJIR0FT5mDG+7OlZdszdQMQHlIHkvKAWzuW7GDBQA=":{"valueMac":{"type":"Buffer","data":"B29FFQmSw8+3GTl79S54VJcfhw5+v6mt7WSPE6fIRTQ="}},"B0tsNqAUbouigQwJn5+dHHvCyaoKEk2wTJdYontYlrg=":{"valueMac":{"type":"Buffer","data":"/uCxUuW5hF7AFn/Sy6UGe9gt1cqCffP2Qlv4BMrzIec="}},"B/94QyqbovUm3+HHVzGEJsithqi0NC/oPOslx3wwjSQ=":{"valueMac":{"type":"Buffer","data":"6d/zMlHBLmy742gBnIBFV+6GSa2V7+63hKn9HlGD8hw="}},"CM/YVqCw6e/x814HH8gewDCjtZOmx2KsUIly6NHpsQY=":{"valueMac":{"type":"Buffer","data":"FsT3dFRkoFfavUi5dY/2k6rIC5oYOghiSwi+XvEl/zs="}},"CSzLLJB7qQo3D9nHH3mgldOZyGVYFH9MneNfR1gS8Ak=":{"valueMac":{"type":"Buffer","data":"6mnOU33tsIkYQcFBszNTFB7q7LJ043yLJbh0GnBq7gQ="}},"CVX3ZT+JXJquCKaKRwLiyI19BISKkaPqOv+G1/+Zp/A=":{"valueMac":{"type":"Buffer","data":"pQ/osweFBOl44D5GRzAcAuYMa05a7VuFnFfZ8ISJBok="}},"CbMHAOnVtfw8hsx76NzX8BFCYCL5kDHdLEnpv7hv8MQ=":{"valueMac":{"type":"Buffer","data":"LXO0YZnj/ZA743wIhazuuxEGlrDqoydreahD50Y5cVw="}},"Cz4n6LdgT/PuMEqPcwnuPaZlzd4088S4DXFsZnK3ReQ=":{"valueMac":{"type":"Buffer","data":"uVunnRrDtGsLhl3zDaK0B1z2MIxKKklUsvk2cChf0eg="}},"DIybuJ3xz4xbn5Tqt0Hrz6qumsw6f3RPdl90SbeSnVk=":{"valueMac":{"type":"Buffer","data":"1Ml50tlS1e+aDDMQ/Qt5++jrAACGO6egCvbQEdXq00Q="}},"DZUr+giRVlR/LS6QesOxeRzNnJAAGYGsW0DbSZ97faA=":{"valueMac":{"type":"Buffer","data":"AYRZb0esCJVQNO5LlhpKUuWgKfhGfCp0cp1z4SCgB2M="}},"DnBRGKrg0ufVGskcshloltAbsjKBi12ylIJrcsY73uc=":{"valueMac":{"type":"Buffer","data":"Geuo99xXUcwFNEmPjwD16u/15FtVXl9SrfUntwAcxPM="}},"Dt4z/FrAGfrZmoCQGy+Y0eOz3mO1i3wktJ63lPdO+d8=":{"valueMac":{"type":"Buffer","data":"EROsX3qdKsutIRHuY0ShiMffJlet+aUhBsZI2x4DfcE="}},"D3N6iIorNQA3vTFPYpd1KYA9oAV+7DeZTGiprbbPRrs=":{"valueMac":{"type":"Buffer","data":"wlTYLSnQw5ylO1ccVsBOpVL+CaGj9lsISXl6hELb3EM="}},"D9bd8M6zi6qyrAxkEuR/i2BerDrx/+nmvtJfstF6F6o=":{"valueMac":{"type":"Buffer","data":"a3KnTg9tpfLQx39D+3y8Ssfga0qQooekJqhFM4Jd0Jg="}},"D9412iJz3p6jOMhqd0Saz/BmlmxynvHeAZfpoLKAsuI=":{"valueMac":{"type":"Buffer","data":"jMAJISmdkZGsxtIQ41dOViaKrbUM+phKmbUX8qs0AUI="}},"EKhdvZDjSUvNymBtMrME8hc5EFMfqDqB51/ldTHou4w=":{"valueMac":{"type":"Buffer","data":"nCgmaRSBpV1wX7n4znNjOEJMXYK3UxcHt48JWNXAyIU="}},"EMzlX+0Lu5Exf8ewINGNShByypz+veZLeVvvd93mRRY=":{"valueMac":{"type":"Buffer","data":"X7iVMNB7kcWEPqGoiZjJcuQ1CAzPwcGgIcDT4LJxQsU="}},"EPXCEWr6TfO8qHuxPi9Cjm+bouXF0qaP9CrRr6MZ3lw=":{"valueMac":{"type":"Buffer","data":"r+h8RSSHiu1BRcnEBTs9Q8Qc5OZy+ZX/BO5t2dk7qjs="}},"EtL1+ifFxdvUV3Q4q61uBXZHPlHI9GkdDL/40Wq16gg=":{"valueMac":{"type":"Buffer","data":"Lza0GqCJrNvPjT6Or6WEVgjXIDjKKf+OYa4pdfHmWUA="}},"E7DSOAEzaJUhige3hV3nJ5GdVvghaV+aA/Tk2OExL14=":{"valueMac":{"type":"Buffer","data":"56ARoBO8Ww20sfoltewLA/AsfNxBt9EfmmE85lMWYdA="}},"E93XtlacX9VULpDsQKkTrbY1HcIr94H4xeR26JUODhw=":{"valueMac":{"type":"Buffer","data":"u1sGBJolaGarWLxbgxyzElkkTIu0HAUIsIDkA3zx6KA="}},"FIU9/j4cb593roiL+IiVjkEzv2O5drLKloY7o7uVeu4=":{"valueMac":{"type":"Buffer","data":"pVJay70yElGvfwxLrDVg7Ko9HyRr0Pk2bfcD6CxoU5c="}},"FJtYjku0o+CPvJFivMxCBo2Zuhfkh8Y82XYKux6egWA=":{"valueMac":{"type":"Buffer","data":"vgBI0hG7RzdPt93Lvcmco67b0uVGKH0lVrwhwfLGRLw="}},"F4dshvGwEtyeTOlVEakl2FiMR9FT2wKibpe+N6nwVwk=":{"valueMac":{"type":"Buffer","data":"lmEfkLAGs4OOI3fl21wUlvvfUGykP3wzErrWo3Ez0ds="}},"GI6J61ifD+THsWbACKycXno8xbfZqiAFmMqnkUKZ1dU=":{"valueMac":{"type":"Buffer","data":"hg0QH7sQifAo8wF0qCIYon6Th649ZezDfZX7DUlii3Q="}},"Gwzf6NMhBfokp84ivZ4IFX5OsZhVWdxy6T/V016cjJk=":{"valueMac":{"type":"Buffer","data":"2VmZ3yvxkd+d8+FZn+r2G11al7DBRrDiUNusibMetPg="}},"Gz8FZ7F/aCZO/NJ3RMh5ap2+VfRq48M8kB5adSSixb0=":{"valueMac":{"type":"Buffer","data":"d83c5SDvY2ICMvObiZhqbLWJl/KGfWg3d9NWzLZJLXo="}},"HADhDU7l3QPJ/hCNWj5C4dlck9tBcXnDfSzrpN5jHdk=":{"valueMac":{"type":"Buffer","data":"Yj/wiIUiwa8TRjSHAAcgEhwQlNMPnXfcxf/ZWJuW68g="}},"HFyqMlOvBOR0fQ/H2I6mBRIkP72HChzu1XLLP3SabhU=":{"valueMac":{"type":"Buffer","data":"jZ7nhL6EyS+tNNY0FWRvBt0NlCx+ix0v54T0ZdexunM="}},"HLuVvMgvNXmPUhhmrr1379Ue+Dl3jEWD811okCWsexw=":{"valueMac":{"type":"Buffer","data":"F4l5A471Rgii/UgbA7F5NWCZLdJUVEQUOY/xc8LPdGg="}},"Hdzvsga4wpCcBi6pAetE1sMQx2JvXhA5ZWsdHbstfbs=":{"valueMac":{"type":"Buffer","data":"G+82zIDMeEp86SWvXwgE96vjlzpTjwoR4582lPETqzQ="}},"HygLRRqIO7h/0X3xTg3AIXLhtvFfnfR6Tt/i98npwcc=":{"valueMac":{"type":"Buffer","data":"LFEB0IeTzmpFrvhTpn4fIzZQruduv7mGsdItpNyXmsg="}},"IFL8kVC1LK9e0c8cYYrZyUOSbeIe7EnosMEX98+T6Ek=":{"valueMac":{"type":"Buffer","data":"gWnDUtMCgRvgXkCJ099t/TBHbQN1FggXc1hfuawF/iA="}},"IMYQhiEI7Ay4yxeLVS7EEsr2f4uXikK3PKGlQwcNUK0=":{"valueMac":{"type":"Buffer","data":"ukhB1cigP0ulmyIMO8W9tU71BqnHlg1AJ5TTwVS8SDc="}},"INNLDjWkGJ+olsoPF8kKMl2QIqtkro5OeS5Zu96Ogb4=":{"valueMac":{"type":"Buffer","data":"T+CzT4JGiDYYrpec9WQAnuq51cTsWANLcPbprxy/T1Y="}},"ISfvnIcERqD4qOTPBni2PRhvpHE8GkOW+9Q6tuXKxhc=":{"valueMac":{"type":"Buffer","data":"hk8avFHnDGmMu0WeGyCt9+hbiZu5sA8nQdCLQxW/k50="}},"IZY4cc2Zoswo9tSECcb1aHApOqb7uFM2TYKEls1Gbbo=":{"valueMac":{"type":"Buffer","data":"sI0JNQFM9Vre8b6v5d++5YFDunpx/nPepoeTVXlnDu0="}},"IdyIEbsHJWtYSsO6jlqRSMsfF0SfqBr2kElpzDtDiBg=":{"valueMac":{"type":"Buffer","data":"1GBmevuaYNvQW9gbvR/bUQqr6rJBa2XyF4Kuh0aCyzI="}},"IfIegEun7D+xgekJnKe2hZ6pHFveNgV0D07pMb0LEP0=":{"valueMac":{"type":"Buffer","data":"Qu1JRkIhIkcnyG6/25jffee9tGYo1CKPn5hpS1+zuT0="}},"I4RR9GVS0GIJsaFq1FIb7APh6G7SXR5xJM7+6UVdqeI=":{"valueMac":{"type":"Buffer","data":"Kq+1rOsNtDeOd54yutK5p9LWsKXQBbuxuvE+kqH8rHE="}},"I9+UNoamXowBat7aGO+Vsd9eM9MB+ZEqhdNKp8l/kaw=":{"valueMac":{"type":"Buffer","data":"CpPmMhcENhLeocnJ46gSRiQdds2bV7MqzsJeRwgiebw="}},"JAQbCQCs8+/ft9bbl/I5v/aqfR6CnVVFTiPVOLcm+Ek=":{"valueMac":{"type":"Buffer","data":"FPXd1KzuxbzIaY5qkJ6JjkrTSEBVztQAPSoLOiwek6M="}},"JCJ5FC8ZYNxGrg04aHqVcz09hDWHsI5NrTZ4JXRn00U=":{"valueMac":{"type":"Buffer","data":"xWLQUuBZ3H9xM7yNV5JY2iHmnWs9RaGFj6SO0ueynOs="}},"JFDx5zycYcnPI8sRHx1YC6HpRxK3eo5JMKc0l/htEQQ=":{"valueMac":{"type":"Buffer","data":"rjLpsQk/qwtpdvroMeG/jShxUwVoQDWQ3K4ufYVZDkg="}},"JTAKFAYVuKvIzV6T6iZMF5il6sLtKl/tYTcciNjeFRg=":{"valueMac":{"type":"Buffer","data":"v0Qcw3qBnc2ctdnuiYWVIHymXbIrZVIIdsvYPKd2lLw="}},"J5nZIKgP3+vaeSpIvl1eLJKq0uDxxOsvg2057zUUip0=":{"valueMac":{"type":"Buffer","data":"Ph3KYRhG4V2NhKcfdnJFUo6HbBuWadhC+K1eXV8KuJI="}},"J6gtrAxIu4IN+4+aVvJR15xA+dRPOut5KDZn+rvpQt8=":{"valueMac":{"type":"Buffer","data":"+NTWvCRatueM7LbzekjLFY5JlYeSftIFAtjqxVe8iUc="}},"KEaGyTtz4+IuWamG6bn9DbIS8S3ODr3wtVImcTDWCYk=":{"valueMac":{"type":"Buffer","data":"4EguZfxp/3TaKYnvwLTRac4jTIeRLL2UYc4x9B8QIXo="}},"KHt15WJLG9SAfoADECjySxwxvypNa3Vtqr7dYyBzwoo=":{"valueMac":{"type":"Buffer","data":"e0kt70LlHb3b4so+PoxfFND8n//4sP1hSteH8gEiCDA="}},"Kdb7XU8puoX2zwGaNef6+SBzR181eRkSxRiMeaSCT9M=":{"valueMac":{"type":"Buffer","data":"jxCrnXvyHGILOLhXUJtlUW12fvBm3htUtQPMHmCJiiA="}},"KsnBy5ssTLJA5wOIpCuNHAbacvTuq8qqLgTA3oLROuU=":{"valueMac":{"type":"Buffer","data":"hQ4MujaZSLQIPdUPabys6RonPPNx5uqDyI+SgQkiauA="}},"KtzkKi9ySX1NXOFgl+p3cHYIb7mEZWLRNNg3An+qwH8=":{"valueMac":{"type":"Buffer","data":"xn9bYbV9HpvJsxeCyWyUmpyB0j88/WfqtjX7qicvwnU="}},"K89mIRS294ueuVslEPXHasCwXv96AGq0EeIC5Yj0Jac=":{"valueMac":{"type":"Buffer","data":"LsiosgOWJgZ4bm6IniKtlpnR3WEuY/c5I7ogK7hUQiE="}},"LFbDVRoGIL2JX31C5qJRg0rfthfB0CrGsQ/KwISVZVc=":{"valueMac":{"type":"Buffer","data":"bd4k1WflrRI8jvBLdWfGZ0rmt6iCcGvK9O21FLo5JnA="}},"LJvKHSUCe7Me7raYAtQbdwF1kxzlBGZqlNAzDVodS/s=":{"valueMac":{"type":"Buffer","data":"qyxS1gjjHRUntFRwWhOqDVN7Fyiez70yCIhEKZgNCL0="}},"LNnvscE8nLEQMoQyFHaoQVvwpVsYyDYNLGg9fF6U404=":{"valueMac":{"type":"Buffer","data":"m9+Grf2VK4wM/gtQf/1vf16+wo0KzXtmiaONi2GTHMg="}},"LVs69faIBhXUtY0V4FvNASXkKBCQlUUYb7b3EeUw9Go=":{"valueMac":{"type":"Buffer","data":"osC17W2tVswxa4M9Y3C2oUZFJBn6FFLlpWAKLXsByXY="}},"LWkIryq07e4j5AucOmoyWuU/8qOwp8nLs3Ns8ogdK1o=":{"valueMac":{"type":"Buffer","data":"vR4WuzjRS7jKDCD2R6aacxmnRD3Xq4UAdnyRVIGzYuQ="}},"LdUdRkLdR0s1UmtskNN0mxyyHkzFTIWo+KWoZS0Tq9s=":{"valueMac":{"type":"Buffer","data":"TMgbSIi5P0L8akZrNY8TkMmZ6TgXJslAL82X1FfJsMc="}},"LrjE5jgV9kYbuVr1lbY3omuaHjOYAle+2EGihRua0lQ=":{"valueMac":{"type":"Buffer","data":"SU16mnEbLxFjjymHoBMPfPqzGT52oNgcYirwBnlhaJ4="}},"Ls1UUDRkQH2iQk+det1iKjiZ2PGyy3shknF81MemGpo=":{"valueMac":{"type":"Buffer","data":"bYTzHPp/NnAp7mhAHRymFVWz1aLKYQPEcsbh8ErRXZM="}},"L1xgYIzWDgrewfchNFIfKVMwp0+yTrqx0Zcq/rjX2y8=":{"valueMac":{"type":"Buffer","data":"dYUsIVb8T2kSgZDYMm+aQvWohoU9w3cDOB0O9xiP+Dk="}},"L5Sm08DiJVHY1Itn1GoYPewYMIci5u3iq5/egHSwfWQ=":{"valueMac":{"type":"Buffer","data":"OTjuCDf1N/25V29u1jY7DUjY/Rl67MSknDau1aA5ydw="}},"L8Hfsg9L/3VvZoomXHoGInARd0YKQCmVZ9VOxX9WWYc=":{"valueMac":{"type":"Buffer","data":"qR2fG/GANRU/aquFTB/hapCttl9atDAHDi8CvYmSyYY="}},"Mkf5/1qZ3/cx+COYbjlaa+8+tLySw4mg5HqwZkMdFcc=":{"valueMac":{"type":"Buffer","data":"FqEFhAuozjtRSjLJyEt795ewNGtXIurdsnm/gyyJnXE="}},"MuYzlDq1O9k2lt0OsICslwtKhaSRi5qFgWRo6cVnYGs=":{"valueMac":{"type":"Buffer","data":"E9p2R9YEzoDRmK+H/vdPeuWVjOihCSHIYau5AdXQ8lI="}},"NBTxGvNDD8U5lX0nMHlgx5Z3FL8rKzrZRb0fonnLPWE=":{"valueMac":{"type":"Buffer","data":"PIT8ETpg1nosrFmpERtkXEoRCY/AsF7aniteFjV+Fko="}},"NK+5wcqNakrlbGG11JCLcXILIvf9/M01sWTl3kINEtM=":{"valueMac":{"type":"Buffer","data":"P6ZkNvkuPp2k9ZpUceZi4x3MIWdtugCimgEg6Rx4HPk="}},"NN87h5tTYW68KI6Ur4uXInEj/8g3zbEk+XKUTwNx7mc=":{"valueMac":{"type":"Buffer","data":"Fv0UDw6uSWwT5F1Kat4poaxgIsyhzUjF5WOXLRB25QI="}},"NaELYBdgMaCuoCovbXFAlvUo0Y6fAcr7Nt7I0ATlPDc=":{"valueMac":{"type":"Buffer","data":"BMChHaKWMVAfWEHqGgvEaHsLlzUdH03WwvYf1KKEskc="}},"NfasfhudvIsjarng00lIegxDoXPD2UTioViLw2XSPB0=":{"valueMac":{"type":"Buffer","data":"FfkifgcsnkJQiPdnVRJJGiZUBx3WJvw0YZad//6QU8Q="}},"NkOhAP79wB8SVuYvN6ZDz7OHEgGOOntuSvkPMuZJKHw=":{"valueMac":{"type":"Buffer","data":"8nNTAdHDAviqRckmhYXHGV2ogkkD8oA0bJ3W+IF/AtQ="}},"Nn2PQTc79YWz+SvmdGFt++Fk06Xo69T1xw+proPXNbo=":{"valueMac":{"type":"Buffer","data":"mVpmGsVsGHNkx79p4mqS5upvn6O7BUE8C8mxDjOuLL8="}},"NqejEHoo4Bx8UH+iu5VZp5YRQ02bKEVy1+daGMW3Gqs=":{"valueMac":{"type":"Buffer","data":"zzJ5ndlJELza5iUdyRYK77gc08wbhg90UDgYqjVNGfk="}},"N2s9S3dKCT+EMr3AfKwKnzvIbtow+NsegDAjFRGRe48=":{"valueMac":{"type":"Buffer","data":"fg7HjCfEBv5ZOl+xI5JsjpeYnUH+Mv624LB3KMv4pjc="}},"N483PoF2vxz89G5FugMG9UrGiYnAbNgyWGXv9pTW+7Y=":{"valueMac":{"type":"Buffer","data":"2BpNADh2Qw1QLo+APA3DIF2kQIloUqFbtGz5naRF10w="}},"N76rv/PBPBybtQxmc0yM9+9/GyhMVr4I6oqH5OSWwwk=":{"valueMac":{"type":"Buffer","data":"4lmz9y34SLNiLeZpV6dQRkXi7KNEIHQAuiN1B05qiJI="}},"N9giPV9ugMIPiIhq550kxMdvukxTfGtOIoHUW7fFu30=":{"valueMac":{"type":"Buffer","data":"enULtkqZMu0iqwYQjFfgCQ4EYsHdnWE86uqw2SciWFk="}},"ODqPQ0ko6kIlY/PkvZmV6t9k0nIPJA/fQPW3XeO6ZK8=":{"valueMac":{"type":"Buffer","data":"8j+nNg6+TQ0Lp9npMZBgCacmU43YIQlTFj+enz2H7LY="}},"OJI8SgzUJ0LD7SnKf00jehlYuBBgsOMfbu//h6/DxtM=":{"valueMac":{"type":"Buffer","data":"F+0KZLVFyfXnV0J+yYfk8wd1QJz+6DAMUqQfUI40fL4="}},"OMCNr3461Tb8pHlaFD54PoDa9YRTjFtKbJLTIUMfm+Y=":{"valueMac":{"type":"Buffer","data":"2lBVWkIbECHCansNMSYSF1QUpnsHVSPg+lTNGk9mroI="}},"Of/9MJCb7HmPs0b+QceOsBRhHSdbZdz70kRoi5IVyyo=":{"valueMac":{"type":"Buffer","data":"phqnTd2B6J7r7qnaSnuAJlNE+0Q4aFRoj1MRFw2c+qI="}},"OjjeHDzWZwauIqOIGNF/9s0kYeRB6VLwXHhun1J4AA4=":{"valueMac":{"type":"Buffer","data":"u6i24dyx3pVYaPVn+pyWvGUG3ojcLNkcswez5mQ5FqU="}},"Ol+YsCd4ANpm3gWBypDqNtKzlaIbT+cJvqlo/SMKqjU=":{"valueMac":{"type":"Buffer","data":"AQuS791RP1dbJLVjsxTtlJzweAKqI2ml3Up7gHAB4X4="}},"OtLtlYx4REQpip6CgWh0/4dD1Fa8VNPFK5vZqJdbp3I=":{"valueMac":{"type":"Buffer","data":"NAeH7eoQM7vq+MrbMKj0C6NbxhSmA+uT0rrEQmniEFU="}},"PHecCC+McqCyc0vQHiKKVF6fwOvOxddgJa0TPBmiHhM=":{"valueMac":{"type":"Buffer","data":"RNeXwwF13alRPWdqEGjRPiAAo7w87XSYsfdFtSW2AIM="}},"PSw0JBLvDRzqz7IrWUnN7xHht8/86CZyiEsaLikcyv0=":{"valueMac":{"type":"Buffer","data":"vP6DBYm5s4PwBR4NWOHpgjkZCiGgK4EQWwr7CF27PvM="}},"PT5z20GzcmacK71frHbcOtxh+X6gkVGnyg1JtVk9RgY=":{"valueMac":{"type":"Buffer","data":"YSxZ8kyK3e66tqXccRmeIEkGXelGnMFTfB5+pQiZJi0="}},"PWVubipA/er33ZDIE3J8I21gXJzyjWsEX2W87J7OYlc=":{"valueMac":{"type":"Buffer","data":"YOGsSbGm/dC7EiCPaghBZWmmfo3hIjl88+YMsKAFxME="}},"Pasr0o2Qh7hLs3tOQiM8cSgp29BjwgDFtBi8NZ5wZo0=":{"valueMac":{"type":"Buffer","data":"fIzEGqFnDV8mac17pz1qM6Rxij2pXdTSnxgXcORTXEM="}},"Pbs6kPG6emyVW7vYPqZXCSVM0xPM4cvtBR0h69UORlw=":{"valueMac":{"type":"Buffer","data":"gBQ43Vp9vKnHXfaxClQyEJwKMo19v+VUzT8W/TdYujI="}},"P/IOevXTTtPxIDwFADvU5yMOoucGVVc/QtGVg4jdIv8=":{"valueMac":{"type":"Buffer","data":"A0nBZrh9NEnQWk5GZ/XyC2rrRmpTDHwIXaKjLryIYiU="}},"QAINdLb8NF/0/qSI2Iz2YAjOQbCq7zldQ7nJK3r6nNY=":{"valueMac":{"type":"Buffer","data":"pIewwkPkM7k/Z2iQMpDyLs7MFrz/FWkDFP6A5adpsc0="}},"QDdFhv98m/5C3H0GG926nL8Qlw64oZs54l5rlAHRYEU=":{"valueMac":{"type":"Buffer","data":"ZCI1tDSSh5x5L5amRsapslewsj/ceO2LxHBaboj+oz0="}},"QIiU/suWxxFqa3JOjE06EXTIPo6dPI6l29q/mqZNivg=":{"valueMac":{"type":"Buffer","data":"H2iKJhS8aoiyJTXLSzle2zwQ71U+i8nVxqJsbU+emuQ="}},"QhFpH22JG2f8jpLlVGPVkB8H5A2p7DtOgkX3I8pSIHk=":{"valueMac":{"type":"Buffer","data":"bH6gio4NuiClKxf5hVxCdW/Cdkk8RGKu1phfMUEz4qY="}},"QjUF4OlH8nVTCPpBETD+QChlbf/LmJS+QvVX60Tks+U=":{"valueMac":{"type":"Buffer","data":"kirQbLQ0tUq6+HFc48Lku9Vfpp5RN28A35wNEB34obY="}},"QyB/QhWxNtXBpVcrTRNjrhZIhbR3FXCnRjL9AtW2WVk=":{"valueMac":{"type":"Buffer","data":"FsdAsd3WOgY+LAx+Va1x7TKSea9j8CUEAxFDFDRXs+g="}},"Q3sa7+8nsPNcPBzmiRyFMXNegoOyhtesKW+Dl4A87v8=":{"valueMac":{"type":"Buffer","data":"6Yzr65ENUtQ01sSHG8cybDmN45CWQkXdrOXDM6MrKvY="}},"Q4LByRiCYwRv3pMxNjoerDa3TvVkGZIpedt8xJRp/2s=":{"valueMac":{"type":"Buffer","data":"Bel/zRApBAoO4tA6S/0XfM/7pImRO05eB8BqzkETrs4="}},"RKZbsfdZaP9R2mYYgQ9IlwSunJgnARl7kBlCnVpKM5g=":{"valueMac":{"type":"Buffer","data":"dQ6y0YBJ1kbopcMvr+3WiEXwaj6ZEQQ5Dgh4O6dtCgg="}},"RcqxFUhgV98VtNMTt9ZEDrR6xbGFrzU9Ws9U5QxysMw=":{"valueMac":{"type":"Buffer","data":"UmcVKfVaHONT1HFbxsdepfUeySnP24oVbYipkNXwJXs="}},"RdJREJAIkvEQZLV2HEUHr/V7ZsUba2oCna0pSyon0DY=":{"valueMac":{"type":"Buffer","data":"urBCQoG+xMPhxI9M4ZMW7Dbv1NAs4MlxxocAkp71wdc="}},"RfZWev7W9W1ljG2k+J+mIrx9VUrk5FmTclsF8X4BxFo=":{"valueMac":{"type":"Buffer","data":"o9ZwMM62m2sMs4ZPNkVLDczDidGYYa9oU6RwbJVG3Cc="}},"Rgnf1i5OPb7MsZlC/xUIIAoFfol8aICSYm4uCeEzYo4=":{"valueMac":{"type":"Buffer","data":"0RXpMY97NfwQruotQYMEnIYnAcp7t7pZgAFZqQNXlsA="}},"RjXbbc0QZ0VfyrT8qvjv31ip4/luXx+hzt5r/tm6q9Q=":{"valueMac":{"type":"Buffer","data":"zi3bO0RaJmsWbre8tdQuLO/xUCOIE/aUHiQkDCl3SOE="}},"RzyUomv5k3P2T44kVVpaFYQzgiOhCjnJ/TNr+yu25Lo=":{"valueMac":{"type":"Buffer","data":"zebSH1t+exdieE6gVKjwFcABbfr56vPcXPwGYbnJKSQ="}},"R+X36BqA1NE3U92Ppumeurf9oUXm+wMma/94Tpalyr0=":{"valueMac":{"type":"Buffer","data":"60ZJBtsNwHlHaTGwZH+MNAVBSsNGl/E3gW8uGpswI4w="}},"SClvLoEfeQWQkL1MP9VjgHHEY+XHpHTmWwnArhXIDkU=":{"valueMac":{"type":"Buffer","data":"/AGQaw/WLyhxzcFy21Hht1eguViqD+mn4E8CLzZBcTg="}},"SESDlNX1iA46U3sA8VMCyAoo8GKaplbGqhJF2t53ePw=":{"valueMac":{"type":"Buffer","data":"Nf4mXF9OpFmaQVbahyAjwQY8QA/sEQIMDH+QeWWpYvw="}},"SHHFrt3ci2Ga071Qds+2oekrbsivcwxIj4eJfcd737U=":{"valueMac":{"type":"Buffer","data":"9vkMpwpbzQ4VPYwQ5CT7OiCCXTIFsLSn8OiyRm8G3+Y="}},"SQhUyscdWo1REe1IQbxplXMoH5XCp7qViNlYr2okksw=":{"valueMac":{"type":"Buffer","data":"oK5qvHlanO0OuMR9Vpvf3OFjyLvZvDKCoGbS3JwFgeI="}},"SzOu8XbAYruSSJSiubpfg3BuOBjlMm/ggTGoPLvA6Ak=":{"valueMac":{"type":"Buffer","data":"bfS9tyIg4RXtV6hQSbcWNk+z4ULuJWVOZ49/fshuKk0="}},"S4U438EYytid1rdaw+IHlKRgUnLldGo9KVC211AIiSU=":{"valueMac":{"type":"Buffer","data":"bPrYoxPjtEMkDNhUhDpyE5Muj0i92R44jiFhphYAKIo="}},"TKA86bSgohFz4NyTtwXqcCb8MWr5Czh79fOnK/3+nqE=":{"valueMac":{"type":"Buffer","data":"jC8LJQBpLJaiAybzz2h7tPo1CY+euz5McvgHVcrf7f8="}},"Txo9QelePn3ntF1FfwXpGymykTCirg24DF6fjnANb70=":{"valueMac":{"type":"Buffer","data":"3oj2F2/4b4DA+M7HFQ9cm4OcpY5kdwxyGSMXNjrAFTc="}},"T20kB+/+Aqh70MfZ/mjZny8+6CsF2h4i6qI1ayJXgbM=":{"valueMac":{"type":"Buffer","data":"lTg5q6XSuwvAg8BSHQSP2+XAAsnVJ+PY9StmDXluRuc="}},"T4bR+e6p+lSSqwxt87pfe6stBolchuArkC8doGw0iV8=":{"valueMac":{"type":"Buffer","data":"SQTrKxszrS/aTeskLXT+1pb+57FOfg3/ZjY2LgOsGzY="}},"T4neAqpTcLAICfRMCL0+euVpe7P/FxUP8Ie5JMcWAMY=":{"valueMac":{"type":"Buffer","data":"VoWYsSR48bcO0E5Abjm8v9dAQ1PAyDGxiyOh4vXmAkE="}},"U2TIAfpL7+tMz20LbbAgMbhTOke5LKffVvMbpPOrWps=":{"valueMac":{"type":"Buffer","data":"I0GknU7SRMCSDm+//NlCB1cs0SBPQ+IBTYDj2//T02c="}},"U7VbeAhpgxVDjRW1x3jWx7b6N4DF9vtHBSB8qWPvR0Q=":{"valueMac":{"type":"Buffer","data":"EapQidnPztExEFM3mlvmibuaEAbtzCiK5Y7hVg5D7q8="}},"VNvMrOi7Tz7LwI7Htdvi8+Cx4yEeGY3ToCDhWv88wAY=":{"valueMac":{"type":"Buffer","data":"mlqZKYLo9n5EGtXxCVqIwxgkXiQmCaXyulowYYjsjmI="}},"VriIxQnnAjKCIiEjrw+2itvK+HYG6porQ9XE1AvoAiA=":{"valueMac":{"type":"Buffer","data":"kaZ4TPYsY+gCZNk3MsaHuwIVZ4eGd0J054PUkss5GmY="}},"VvPBrqUzvlYc+/TaY/pxQISrW9IC1DFpIjdDmvKhDG4=":{"valueMac":{"type":"Buffer","data":"If58Vt2iRHWAAse2d1/Q9XyqG5+B/VM+N5u/xeM+6Y4="}},"V1IsUOUKLZIQ2GVM2QW44qwoRUFXToWv1cYeminrxlA=":{"valueMac":{"type":"Buffer","data":"U/NZldMf62MxYM3Jljhx/bdUYsfHMdI+XJkkjo8XmMw="}},"WY3d86N2PB5Z1tzxgstvFHYzLRacMvFSecx3bVepEII=":{"valueMac":{"type":"Buffer","data":"LdqlXa/iKJckGPm5ff47kbyI8BAI3BMKqIiU4AxmfrM="}},"WZYtUHirV3u2w4g0sPCx+uOXXMT1iDwCUS3wTCQYJko=":{"valueMac":{"type":"Buffer","data":"ZhqeBsIXkdb0PBjPWzan5VITxRi2yOVfU4/PW0FmdPo="}},"WofkQe9opcUSNCYSCC2YnsLKRpjb34qH8t0lhRKPi6A=":{"valueMac":{"type":"Buffer","data":"Jc9SSkQ2PVjzYNigQdjA1fRrt24bG0TtwIxdhHnROgE="}},"W2ECt4iJw11aKGQlQtcOoa7QrI/KKgAZOZXHWEq+wJ0=":{"valueMac":{"type":"Buffer","data":"2Nr+taeGdoO2BEsbf7lRJ60XzDa9nUpkpnbVF+iiHLQ="}},"W+Z/poXE1CjcDPIN1NYxjd7DB1ITwBOsFtmJ4mm5OIc=":{"valueMac":{"type":"Buffer","data":"xfX4qbk4rPdni3LNeBCcTp2dHWaZPrslhGQ9Ilo/qus="}},"XbiMrYcjnOYlY6OJCGhcOtmgR3i8q/Q/LBHl0CspRpg=":{"valueMac":{"type":"Buffer","data":"N/B+fKSy26sNdnNOtbsfIBJgjGV1kSLv3/F+bEphOyg="}},"Xheuoq8LW5Wvy8iD2cPfRT/DSQgyOOW5Utel0OIY4Yo=":{"valueMac":{"type":"Buffer","data":"FRMRIyHXqXwQTg43jE9n2FIa0l1VmmV0WprJ4f6U3mY="}},"XjzSxG3pdt//aPQCa6jqNw+V8RXvBBDR6D4II7Gm3Pk=":{"valueMac":{"type":"Buffer","data":"wJG/6IOcAAnrSDbjdht+y4ztWd6Kp9vJwlKZ/vE7R50="}},"XuNNOtLBUyjXv9fJq+HLmg8CIZCi5Cenj9rHo/XEMJ8=":{"valueMac":{"type":"Buffer","data":"kSxjdRE+zBIsgkuYEfgzq5DTFPpUZPk+3DFEPNmvCYQ="}},"X892dHCHmkJ/43vfov9LGGf1Gj1uWqAmrH9pXpBVN3s=":{"valueMac":{"type":"Buffer","data":"7YxHYUxZTeu63mXU5az32RqKWQnaL5/lVCkkY4S9ut0="}},"YKM32SPqeS1XXsbIxQPYIMenOy/TQS506f3A0GysXOA=":{"valueMac":{"type":"Buffer","data":"jLTJHqmZu9808eUGHKuQ5eB9WB7NWx61IcL+hli/WM0="}},"YQrdzXNwnlQku+gNqt5g7hruOUOe3wDrnrhuSGMHHv8=":{"valueMac":{"type":"Buffer","data":"OPGDBxiKpKRiwm+2cA5SYm9Ig/yZUweqRJEMqsUQdpY="}},"YkD2D6kjORpXLfxlOk6LhCV3JknGRy4pt43iCYZXDR8=":{"valueMac":{"type":"Buffer","data":"xDenTi3c7lxPG1BdqseF3u/9QEbhEg/UROzKQ1ijs9g="}},"YrKOq9cT2/d1xpw661QmmNqegKM84xxg2HClfWWCYJs=":{"valueMac":{"type":"Buffer","data":"pWVAmUusLbb7pnC3xnA6GKpPxu27LmujPx1+SDI8iP0="}},"YuyYMu2E+LKqVFMKwhQTS+Z+RiAaMqyf+kjt97EliNA=":{"valueMac":{"type":"Buffer","data":"AsgWEk2MTNQn+bFiKZzSzqIMfAco1+eHt1gt01BCu+Q="}},"Yy+q8xeUiaUWwxz0BEt2QCf3IWRDCk3rTLmd8GjjySc=":{"valueMac":{"type":"Buffer","data":"U+g9Jvk/jqzqfUDrc/EvGGlgf4IpKPJA4AbN6e5q6og="}},"ZGcCoCcFmsxToEZRzV1aIiYupiv5CaX7J9QZBy39mZ8=":{"valueMac":{"type":"Buffer","data":"SvdmWzF09C9tHQN41W8KIn76uuSFVixHO0YOUwrXZ90="}},"ZbCpmB69F/vQ4FfQ5iZQ3HjmF9udkrch7KqS27bVYyg=":{"valueMac":{"type":"Buffer","data":"MDRSt/OSDkWplQh5MznY6LGM/crRsJ0JoSjOwQT4KJc="}},"aFo8ywn2p6LelwjeGsLO3Ni17++jXMSzCsNJfPCdBFo=":{"valueMac":{"type":"Buffer","data":"XEjcAjSfT5GitCu3Ox1MRDSb7DqCApVxThHQu4J6/8Y="}},"aOb1DEdc0dH69oRbJcmIWeS7PCAfqeppBwN5rnFCyvw=":{"valueMac":{"type":"Buffer","data":"avzns+N1r7VRQa+ihbbPzVezRMRjeRxXr+8q2h4HY8c="}},"aUX4SrXXpEr+moW5GvruTAp89rdbWckmp2e0ogEFMsQ=":{"valueMac":{"type":"Buffer","data":"n9NnHd+cWRJB6uoIEDPRcxvkVlTnv4/0MgWzYQPOfqc="}},"aUe3rLDE8klThHeA+8UZswhiq7jPC073XfhV6t0YgKs=":{"valueMac":{"type":"Buffer","data":"L60aoOzVkred3PupZHVliNqAD/kzrYt8hJOKMpGM/ug="}},"aZB41oPwP6Y4hvRjSwdwide7XYXv9D8G5JR1Xqb6AEQ=":{"valueMac":{"type":"Buffer","data":"9rnafSoCtfrG44YR9FzKPIZxaoy/Zbl2mJWcbeRc950="}},"acB4nAky/ll5X1oyqnqfT7FpgN2mDXcdbTB13DeD+2o=":{"valueMac":{"type":"Buffer","data":"dBjXB373dsZh3jKheeAGiuSAD7c0tNGDouaKe+9Y/pk="}},"as0ES6IDHjYogUDcLbWXyZsa0ISLMhke4+JPnEC45DY=":{"valueMac":{"type":"Buffer","data":"cFyOcATz0IYkFyJopD55GaQCldBDmrnhnZ8bHVvg7KA="}},"bDCsmU9FQc61v6qarfxLPNINJMwlzJ9JZzniTm2fgxo=":{"valueMac":{"type":"Buffer","data":"qPW96IqryxHiuWwEHpzgm/E+d6mYIo9+P6pQdPWcQRk="}},"bJOscQJiBO2ESXLZo59gCTryDB3myjia7ONGTfS1cSs=":{"valueMac":{"type":"Buffer","data":"ihUeLm1pIxZq4Xk6+t4lsIRFAupmBH8gypjHsq/lyAc="}},"bWLxHs5Qa1hLquV6yAtKhoVpAGvrxBCJbTHzpjFGo9o=":{"valueMac":{"type":"Buffer","data":"B9NicGqlAaeze59TCl06cLtx6auYso//Zui829Ua8Jc="}},"bWzn2gw2YavUED0WnrqDb8G4YTa82rsQz0QqZ39ubOY=":{"valueMac":{"type":"Buffer","data":"puBEuhsNwHQTGjctd79Uy4AjAnFYgyevxO9TlADyGJU="}},"bqADaPlwiFDVtC0Yb+shqBw+3OmuK5DhG43qyjuj1aM=":{"valueMac":{"type":"Buffer","data":"ni69KNRV7LZUSMMvYHKFJ1pKc8Es44me2DdyOYmPDbs="}},"cKtsOsJ6ANFpVypxintnO5vHBCjCnzYhzJOX+EL/KTU=":{"valueMac":{"type":"Buffer","data":"1+9j3mB1ZpPfZprlW7b+0bRpNAYE0qrtMFWGAJK01Yc="}},"cYRl2db1w3LO54u9N3LEJpXHc0BcqOBkM6nUvnB5nw8=":{"valueMac":{"type":"Buffer","data":"51yI8kmya3PgQtqnv9VrxVxyFB3tNczoGK0+yfKYm9Q="}},"c0rGn0zsfoZ4UCGqD5iNSy3yszYCTZt0vFKaDAayDUg=":{"valueMac":{"type":"Buffer","data":"xVYRO7M5MOeYDpwM2FAQ/NtYHRuNZgtmYZGIS+yOM18="}},"c7/h36xFe9FInQjGUn+L/dYnqzu2weYWjsWD0y35X/U=":{"valueMac":{"type":"Buffer","data":"jFBgsllZvB4ityXGzFJbr0vIqSJB6cG2Y/6QGFwN5GM="}},"dHgFt4RLD985nrzHw7M9CqSetgsm1yH9cZFoD/pXYww=":{"valueMac":{"type":"Buffer","data":"TFNyG+sGPuXBNcVdGbuAiK8We2DEAkmN+lZEWv+FDes="}},"dIfbDdeJoAUkPNd367Co49G/2oRHtQBE+eGH/hH/Euw=":{"valueMac":{"type":"Buffer","data":"ROCuReSat78VPiUaahwCXaguwPcbUV+2j6qtQR85ydA="}},"dKwQ4v4JaB38WDDYfrS82rpV8xEe62Tc2FswCTuQYMk=":{"valueMac":{"type":"Buffer","data":"BFlBsMAGt0qYepObcgZIpdKkIHkAw1ronirHPSx1bzE="}},"dVrHwcQhvJ+wZt/rWNQfh8gF4KIIi98kajfYJihvR5U=":{"valueMac":{"type":"Buffer","data":"/7/XyQVuAXvPyaulzgxoGZ8sZQajNJumOqgy77UvDH4="}},"dWe/jKUciHdpskVbeaNK629QDrwUs+5R5o8W4fVzsgo=":{"valueMac":{"type":"Buffer","data":"298dvWilaNL0Jy1q5ulibbZSRygWjvEUIPnuecftN0Y="}},"diuOk0j+J/MvINy2yGvOmO96egmCJ7cxVAiM/YWOuW4=":{"valueMac":{"type":"Buffer","data":"2ysO970xPQhsXx2114VNc54r0tukH6Kqsmh9/Smq9r4="}},"dlxlNIVJ0NE4O7l0ZUDCpvKcjvSMJL0+AcOybAVoJaQ=":{"valueMac":{"type":"Buffer","data":"08dcVqkJBBU6BGyXEzTA2XGlb4TK3/55WUT21X2vH7s="}},"dq2rL7kr7LKdAQuTvtVcQMVAgtFCZQ+Revrduv98slk=":{"valueMac":{"type":"Buffer","data":"4ETALhiYTTcZMZ07aIHmE98FafiSx/s2QMKqcLxt8/E="}},"eCHQzsKeRviiTCtt82psAjaAtL4TCuG/j+wDHtOhdWQ=":{"valueMac":{"type":"Buffer","data":"MKM3fH79Fd7TTxXWqj8C/lweB/eCHAJnPmRsYGeTeR4="}},"eEQDRlHScNQcK5rA+QoX3JADJQhIRu+uI0oZabs8v1o=":{"valueMac":{"type":"Buffer","data":"Er1S28T5tbr3q8vLjdydvzJlDqreRz8xJIYj23ewas0="}},"eKvBi0MbwbSB0eOzfTkROFinCAJWEBcwYN078JShlxQ=":{"valueMac":{"type":"Buffer","data":"PexMbafL5lX8fwUycC6FMirsyM3+0ZXbxO/1nszjEHc="}},"ePPZoh4gPJX1ovRmIhtcuMsA+iUJgVf0kUQi+dGqon4=":{"valueMac":{"type":"Buffer","data":"vwDsABd0LyeJiVRlgtdwqrl1NPkQJvGUiiGn8SLad5o="}},"eR2FOx4A5k+u2skDeCxyq2NPH9P87tZ33b/QZStfUFU=":{"valueMac":{"type":"Buffer","data":"wKMAlz99/kZqRcj4vC80cXG/jqCU0JrtNfj9F0EdsBQ="}},"eT30eC+4rTIULBbvFYrYupaDJ4YEPFQmpbo6tb9jOcs=":{"valueMac":{"type":"Buffer","data":"F5FLRNtjlOuySphLAucX0GOivLzzR37OU2fM0/NksGk="}},"eUtp5vwxtv6Ixhdui/X7WllCi0r3r2uKnyolhnJFu3Q=":{"valueMac":{"type":"Buffer","data":"ndJ1Y8CbTmanS5b8YYDsKGuTBxzpvk0Oh0PosT8/6GU="}},"eWbsA1+KAVlQWY8k2M5dd4IexAXlXFVnIyvirF1EUaw=":{"valueMac":{"type":"Buffer","data":"P83EBiGvd3gOLimicyHOOP3OJq24iZg73ryIrAQRi8I="}},"eXmf40l85ZhzQogF0uIULS3mmH2Ggr+J0qbxD7Ezy48=":{"valueMac":{"type":"Buffer","data":"en4opfAsIwVxSiGmak7evAut6RuPCUR8+R1HwoEbnvI="}},"eaFcoZVff4fwk3v8q4U7Ti5eaF75Fw3IbKVjEydd16Y=":{"valueMac":{"type":"Buffer","data":"34x9LnRLhMMMQnUWGIk8eV+HBUsw92cehSITwOe6x/k="}},"ei5NQ3S886/g2kMqboHolpBnsogLdg+TMeTcvu5s2Kc=":{"valueMac":{"type":"Buffer","data":"XeiY19AsdB+0+S1nEE9kpUge8pLWfQSVkhCEby3zGHk="}},"evY1Dz28l6J64hbBvvnJhagNn2KLNS9Yg8bP+kCW7JY=":{"valueMac":{"type":"Buffer","data":"3XLrPfbbr2ThRiqJNVdI92favobW0l1rev0D6eOtqYY="}},"e586v4624rm5E/p6FEQ7NQsngOiQxFGqIt8QXM5A9zA=":{"valueMac":{"type":"Buffer","data":"3iWYOzj+Hw2a18WPiIds6fhXmR1dczOiSgYFBVGrirk="}},"fCfpOI9qyi/aO3CzgEa3G1t/ninDHbpCZ+qJ+SlLfEE=":{"valueMac":{"type":"Buffer","data":"1OupdF0wMsIpn9mH7seD1BwY1Ur09WXZ++lrG9NZ+nY="}},"fX/wXpJm6DNlqRRDUmJ2G26D0PwZkVYye/gRjFtpPvk=":{"valueMac":{"type":"Buffer","data":"r2CHtyZNMZiEOU6+4bpPxB9fUqFWNrms3fecmuNXOFU="}},"fZtRJquDq7Bfx6foAOHYDnDCAp2nuqSS6oJs0gj3slA=":{"valueMac":{"type":"Buffer","data":"HP/g81MWVPGuriC4atuZ5ooYobdX4JE+csvoyAsh8vo="}},"fuPxvCNe5sSyDXD2KzgjotPRDYz8QrSRO2z+BuMa0eQ=":{"valueMac":{"type":"Buffer","data":"HBGjPyTQcxtfI0cI6dBNNn2hQPJyFT6ljkmd1UPRy9g="}},"fx6kLLVLJIH3QK6jFD/ik8tupPIu/uxKsK0tAaBjoyE=":{"valueMac":{"type":"Buffer","data":"d7krXgKpvfb4jDMZS7Tg36yLj7E3Wc5S3S7e9hwpB2U="}},"f4OEEzAn5BAIFZfHJSKWNbN3/twMzBB3csdKAVJIwQs=":{"valueMac":{"type":"Buffer","data":"i1h4ldcpibGvG826cfO/iJFnU0RI/G+Ay2ug/uo1CeY="}},"f4cCpyabyI61+K1FQcWnIXLOpBGb0YU5Z6X/VZTLckA=":{"valueMac":{"type":"Buffer","data":"rCc2iW3lnpttDnndSBiYsEeUoK3hdXrFnj1EE9mOKpk="}},"gKRfW8RweAI/x77kOyh6+rLigwc4bND0rYVbUNokc2g=":{"valueMac":{"type":"Buffer","data":"BAfOglE7TUvNwnmnZghuJgsob2Vuyv/cfebECDkuPTw="}},"gOeCh0kJbajByqwvEEvxiZWMdmP80AVFQxOk12AQxUg=":{"valueMac":{"type":"Buffer","data":"+x2joDKWMo3bkcDuwoZ6t4UNEfrEEbE1BtTu9u0XXa4="}},"gQiXnQujbph7eCOVwP+1yxihWoNd1+16GAPK5NQfBzM=":{"valueMac":{"type":"Buffer","data":"UrNYKpcHiSTyhBS/UyS7YrJ8AmzRUVKevGVGVVcRl0A="}},"gVzuiMsMrQNp6V3NjBlKFkbkAgTAy4p7sRVWv1mNgDI=":{"valueMac":{"type":"Buffer","data":"nvt+zdNX/1gbSyfBjftDUd7x1COFRMYAra6gTNFMc9o="}},"hJz7aYxwG90MONw5OJSjFK+Q4qxoy1IM04SjPH/VCbU=":{"valueMac":{"type":"Buffer","data":"mmaO4rAoGCiS38wgSA8ip4Zjr0fIYSilY11Lv2geZ/g="}},"hPtKpdQM7/Zzp6+C2BelB95Ks7y4kxajJZpeQluXVkc=":{"valueMac":{"type":"Buffer","data":"/FeHc2NvAf64oPcmU2i3KhgBaT75XtF0YBXeZA8yiUs="}},"hSFC/IN5YRr324tjfBFAJnpLVOGo0MtNl80iAWc6v8w=":{"valueMac":{"type":"Buffer","data":"QRSp6xhE7id+srkQxXJ6SumzqkwIQT/53ZwbOdpzUro="}},"hnBxp6yho/tD8B1P3JkvfTl6SUmKvUK6xYlusu2ev8o=":{"valueMac":{"type":"Buffer","data":"Ro9MIyh4AK1WeUbDKRqSes9RUVk4EhEEn9E9RV0EXpk="}},"iOo1owQ3E1wo/LcIaXXPNCu22Gbxw9zrXBNsL9HBv+o=":{"valueMac":{"type":"Buffer","data":"YakZ3booEbUMI5WHOSHxJzkbJUop2j2+T9c71RVgaG0="}},"iYuZ/VPeDvNtykm7fPpV4YF4q04lJdVJZ1ZXIAutmNY=":{"valueMac":{"type":"Buffer","data":"SjQ5q64sEd8vMQTNMj1ptNA9gKP2pHQ0eZi8P1KfKqQ="}},"ilBCg+tJzsjIWtyQJAjNOmQEZjEugt7TunBh0d3z6r0=":{"valueMac":{"type":"Buffer","data":"Z8nxwHar2PkZV9Tfj61QCFen3VzpM46FXEbEkiG4BqE="}},"imTMOswkhk74dIlTt6ID6k1t34TZ2tn2KqDuhjPjWgA=":{"valueMac":{"type":"Buffer","data":"Nj7uZ5x4LzYk5OazFlxtJif7Swr+OzV28JlPNRKmbGM="}},"ioNJPMIHEcJnEoP+Fa2IG4q0Yw/PXqrsiaxZEHag7qA=":{"valueMac":{"type":"Buffer","data":"1BfV8lGkUwyjQLfmNw80FfiAEcUKgaN8gsjEdoNZ+dQ="}},"iyirAJh3Z37mroDqdMjoPsUJG3zfqraUHmAtZePzBsw=":{"valueMac":{"type":"Buffer","data":"PvYp4YyM6/3AtA+DPYD7K+1G6K6lTrJbVVegrcJMiQ0="}},"i/fR8SHTChGcxnuVvAMuy7RJVDHRcw5aUecoEbPNRHk=":{"valueMac":{"type":"Buffer","data":"Lk+FYrvvJZLFqPA3F1oZ7uDb7GVX/OmVTA6nfrJFPgU="}},"jIOUL48W+7XqoRpTT1CuHLBW/xc2vr36TDHhEsjh85Q=":{"valueMac":{"type":"Buffer","data":"8PI769uYsRwDrFMcADbkQ+wVYKqqPXtSRHME6KsdDW4="}},"jJvcjSUuz0XeDO0J9R59WZT7iQWnZcUdat6bYlkq8nM=":{"valueMac":{"type":"Buffer","data":"HbD9ATlvh8qwvz6ylTEnbhgnYzkYIfl9vtqYLezRmv4="}},"jLD+eDMj9LA+3HLblXnVUeeRg9C4f3FP1srE+zteGV4=":{"valueMac":{"type":"Buffer","data":"UEDsgeOGxJQw4ovW6HmFOKgEbyUzZqsmdMSEBzMZ6FE="}},"jcXjn18OnE1r5z1saUkZTUud/MNPCSPQUOVeWuo8pSo=":{"valueMac":{"type":"Buffer","data":"w4z2zHwUanXXiZZcQ4n/dYrCKBQBi8+CMuqmH2Shcco="}},"kBUd+C2XCLmEAOslwlVq964kJWiszZOHyO4mnF9h5m4=":{"valueMac":{"type":"Buffer","data":"J81r6StShHw1hWm0pKZJfgGrbG3OThP6Ecir2g/6da0="}},"kMKFHPbEwxPbNT46yRxHDHWij9GIV/6JjCouu8pltjE=":{"valueMac":{"type":"Buffer","data":"hjaGaPt/ahAsf6VcPCzRA169HzRTR7xibLdW5j7B7vk="}},"kOCxaQr38j2XVDuS986KYRkeUZKQv/BLPfVjBCdKlaM=":{"valueMac":{"type":"Buffer","data":"KXLay2XbYNBlWm4/sN1RUC1JCPcQ0L9kHQuvaSC+UXo="}},"kOLUfOGzCdlhO2QOmXYd3dFSW4q8JrHW7pOH6Gsl5pU=":{"valueMac":{"type":"Buffer","data":"VaKvdofuyizDVbnngZ/zd7pc9Dak3430L7sdfAbafV8="}},"kTV8lrkSQwSLRLybgcM0i+2grjqYy+58lhT8Fl4vPFo=":{"valueMac":{"type":"Buffer","data":"BxtHNUsTgGJrvfd+6G6Xr4zqXy6mpkaKO7bMdhDEpE8="}},"kkYIEv8A+ndAPatS+ZjS2yIGAvaLKFv5oy1jRLD+v0Y=":{"valueMac":{"type":"Buffer","data":"lrDGadYUkP6UOmqD81C2G8hUhEoAGG79KuCIFvRfRts="}},"kl/mXFQ/QPjC/HdWZ1huHPVpRhCEYjBml5xYHlsUC5c=":{"valueMac":{"type":"Buffer","data":"O8/2y93ividBRE0SZelWy/kAzXA46YcJssDT8wa9izw="}},"kohOjsT3QIrylMzJOJWSM3+oduENANKezQheHAFan9k=":{"valueMac":{"type":"Buffer","data":"tMa+zdpCDRtEb9AHUB9htFSlMQ6KmPXjcKfxt8LSaBc="}},"ktPm7vNGBZbNI5EaESHKF/uy1XA4Jg9bqS3j1IO3hZ8=":{"valueMac":{"type":"Buffer","data":"doTolvsaep6BELi9nvcvtby+AL09v6RGge0gGthdU2I="}},"kyJcByb4GTHADxceZaCE4PNObLU+HKoso3/h7XEFYes=":{"valueMac":{"type":"Buffer","data":"WnfUNA3Mg1R9t0mSyvZcnI/Kh2tnXK4j7U69ihSMErs="}},"ky+5kaM9Vlx+DMbfXlVRcttBnNGtb9Qd5aeGyBP24Nk=":{"valueMac":{"type":"Buffer","data":"UUhhzAGauKoUY9Q2Es0DKtiF84IWv7/Cr5AbHTGMjO4="}},"lNGVfhgMlWlcLQJVxU1uXuvVtSY6Nul3MDw+PTHYHe4=":{"valueMac":{"type":"Buffer","data":"KEW/X+2BdMyk/+tGpiJQHtOL3JEu/0kH1cMWmoerB6w="}},"lU5o5sH0iXYmSXpYcK7fZB+/eG5G0E/mr83c6VFVHFU=":{"valueMac":{"type":"Buffer","data":"wRicklMYTtKyWCqZHt3LtntvzeGrjaVoWzXULxxnhAQ="}},"lnkGZoHxJH/QguXoe+mmZ7H9a7/iWQEDZ4kLmW2h8bw=":{"valueMac":{"type":"Buffer","data":"2mYuO7xtAgorRLUejSXXauDUiurLyPiiOzotFNFT1Po="}},"lx0fWHeqc0dXC8aOUnENYCyIUZXwl5ltLqN15OEXrTk=":{"valueMac":{"type":"Buffer","data":"DHgtPNJrB8ADWdOG/ZHFQyVtIV8eexXCaYzsHVuJSmI="}},"l/ZBAe0BPtx0ROwzJKZhq/GoQIPrs9RcYnkRXZ7VAQ0=":{"valueMac":{"type":"Buffer","data":"gBTNHJFRrcYZRfHsCsx0wQDaAGZV6iN4zXgBPpdvdqs="}},"msa/0N/P1xDnoFcaGlxjTN0tc8FTB1GaKgu1G+GXSFM=":{"valueMac":{"type":"Buffer","data":"NBJz1dDF0wh1HQOL8/iC5S3sDFFFjcikt6DTdFvy8B0="}},"nP+MYNFOMpYQU6r7KqAQdQDRFPbIBGKRO2/Z3SXLPMY=":{"valueMac":{"type":"Buffer","data":"aWQLA2liT5Zq2YBrAc+MjiFGYzPhO/naaRKkHBlpdIY="}},"nRw3y8ka+LKSps158kA2usZIJFEjCotSfJUZmHjBLQc=":{"valueMac":{"type":"Buffer","data":"Wk8ayIYjFIQqJxSSkjjuEsOBbYdBve1N5l/vFX9i3uw="}},"nV0AgBt+pmoZg3qnpjF5fTK5UTEse97tNX6ssPvtp4U=":{"valueMac":{"type":"Buffer","data":"xMtS9pZrBKAf4VgLSnywZzrwano8Kqio47gM0p3Cm40="}},"nWi3vZcsBCvn1F5o1wvqn+v4Wza1417RY+gQBDgcG48=":{"valueMac":{"type":"Buffer","data":"dCJL0QDtCoNG7mlYZhH7B0klKB0EJkFJtIFd2FnrHtY="}},"nZvYDTCfnaf1MuGnDkec6qZnwRq6KpEHe131UHORJNo=":{"valueMac":{"type":"Buffer","data":"smzkXLBx8BHHw/Cseu6a8dEoK7/eV6ih3gw6cNa6CEs="}},"ngnyXZI7Mpy+/pPM0sRObWEngKVPlUB1qXVG0KzmNoQ=":{"valueMac":{"type":"Buffer","data":"qqVvP3fQHPv3H/BKB1XG3MFGqNzh06jLNPcOnSUikco="}},"nofJr4C+sJaRw13t7yIt+AnSskdy8nKNAUdsOTJF4UM=":{"valueMac":{"type":"Buffer","data":"YPW9ayNxk2QGYW1CfDtEaGhIr6sTfnzIzxwJkZNcoXM="}},"npLHV3LPX8xS4DuMAzVegRAjvf6LHPvpNWVc62/ZXTo=":{"valueMac":{"type":"Buffer","data":"XNp3nQ92FY0yhPYahlTUAOtfJVTSaUO6y5Rtk90Wwtw="}},"nxD/ri70Gq/m7lxDnY6lIcECX7IMhoPxoTL0WgENcC0=":{"valueMac":{"type":"Buffer","data":"+BtcDsiEH5uzy7nekrG/Qjc7JqbnYYP1yn5+qV6fm6M="}},"oU5hdThfKQpkiFD/9+UoORRsGyx4r/jjBsnPp8wKPBY=":{"valueMac":{"type":"Buffer","data":"UyWIwsvxVld4ICb8nEwZOBX1uVMr6sQM3HwuVGvU7Mk="}},"oV9ZJIt6HzpnRBW5n/IshEy2oCu/Rc5ZYYWHJtaduco=":{"valueMac":{"type":"Buffer","data":"LJAVMFP3PZSYcwS8zA3t7DgWbTA+dld9jD+21pdmKYI="}},"oWFCclj9DucYQIapMpiXMs2vvtSAwW4ZQ99h0K/8k3I=":{"valueMac":{"type":"Buffer","data":"OKOmE0yt70RhnP9f6ExCTrnaQWEE3p8LfSAvauoqgHo="}},"oa/QVeW3UKBnBPVk2daz8gx1XoDVsibuls9UBdDmtMg=":{"valueMac":{"type":"Buffer","data":"K9Y7I75fo1wr7wQQSxXVQWV6s0StixnEvf+5Cjs4dcA="}},"oelvjINkMfKQtACZIwV7UO3RL4yuElV37a8W720zuSA=":{"valueMac":{"type":"Buffer","data":"KOrZ2qQ54x1TN48xtLEDqsCg4neQS9oSHn/2jCxCfWM="}},"osbKA6SMaBHv7pUewvbSwK4JD9F9TWSoAUPsY2/zw80=":{"valueMac":{"type":"Buffer","data":"bq6HaLUhfcwNgos7vWzIPT5I4/zzi9Vsx98X02aqGdk="}},"o7VJN+8eDdU/VgsUVbeiFc8BNM1UXrk67V+vDo4my10=":{"valueMac":{"type":"Buffer","data":"IbsMIJCAhg29T8MEk1i0Wciif4nCOFFIOmLbPFynsiY="}},"o9pdxYnPfG7FMtBtSTibuzkAVcza8FQXVC+hLqpDB8U=":{"valueMac":{"type":"Buffer","data":"l786o91jtHJUeAz1TRyNrFE+UCyEJHWj8/Gx/wFS1nQ="}},"o98KO8f00VcBbKtUy1tRfwXnZrEpnYF07a4+//5kVnE=":{"valueMac":{"type":"Buffer","data":"M5FYiIJZ81OSRWcVHfAJ0rx00inohLthvI/OYoZ4sCw="}},"pNqKuA2IZV3allPPWumaHrp6SujlIzaquasWNK5kRJ8=":{"valueMac":{"type":"Buffer","data":"+TaBpPxqLsPFEeIz2vW7ZTDoplb6RBrLS8MJSC68mTA="}},"pWBFw0tc00LeuV8forbwP7VmbVLz6NQBpVzvuvDGZGs=":{"valueMac":{"type":"Buffer","data":"YLaM/VGkLhzN7NnuCfn6Dv+O3TL1ML7XYrTigLosbhA="}},"p6qW/0aIe5H3Jz+3Fpx6vVGz5l6KAuqhpdGwkSuje28=":{"valueMac":{"type":"Buffer","data":"9cnCiyoKPJhQ+3+B6mGly5M8HDwhz8n2orlpru7+59w="}},"qAgjxV7DugXayGaaRXD2CjM5z9O96sHwG8cSiAcVfcc=":{"valueMac":{"type":"Buffer","data":"jHfMafLaRzGPDe/G9HsQGgPk1rt35lpH8oYJxuS7sU4="}},"qW1qcURp8YfP5iKSR7sY96E8fzuLJ+MhSRi2ioYafkk=":{"valueMac":{"type":"Buffer","data":"mqd5a7mzlxfrUU/wX8ZYTvAPOdU/Vp8lhoj+vVnM3Ac="}},"qcyD/opBVXQ/mXd8+sdVG+373G3X0GyvUcv7NIxsS88=":{"valueMac":{"type":"Buffer","data":"b3bauUdOm+hJIsqJbPUugBGCS/RmipKTSHGSDejmlWQ="}},"qeEarQnbAshEbhdtH96Zwp9alc03nGPgXpvTuQbB09o=":{"valueMac":{"type":"Buffer","data":"ndia73LcE69a7CZSFInQN0RXJRACeW4Ym/wvkg0OGj8="}},"qolYmvjXE0ZuEmtM3/eDKI3tlN/TdpN9FjgYcB8CyiA=":{"valueMac":{"type":"Buffer","data":"8bC7BBYZTKRDwFNKJWoQryUlFmvteemdFpxO5jDFaOc="}},"qwCGeVobj4bROPOLytu43O+2hqTbJ5mwJJ11u79BlWM=":{"valueMac":{"type":"Buffer","data":"VrZ/q0tLrqLKsRDa0HY0cxAopWmm1WwDD4wXuCYrQD4="}},"qwTLWQ2yBN/4dPMMcWRcoIWUdrADJ/uTkrqegi37OX4=":{"valueMac":{"type":"Buffer","data":"f1ydRRlVw8bVfcRdntgqhfuPHv8qskC7ITaxjOYtL1g="}},"q0eRyzBRBUMhGYUCTXXBk5Wt55zQvG6ekq+XQiiHpkQ=":{"valueMac":{"type":"Buffer","data":"iY3vvFRaDr5xEFcm5Yy1WNe5ZA98FswPtcleCHCash4="}},"q5o0v1wodySYYcPP6pJFvhQazbFkKWg+t3kZymSS1GQ=":{"valueMac":{"type":"Buffer","data":"LOYv+9gJ6zOoz4jz7Tb4ioNgHOdVQb/JIf0Y58ypZP4="}},"q9p2h3owhDw88MjMuplVUVufrYPo8VcJb9kVSnM/jAc=":{"valueMac":{"type":"Buffer","data":"MkU13xcDkxSV3ZctnorbZdqCk4+0rIwkNV7Axj6iDvw="}},"rTxKUjz5OMkiJfkkmbL51YlvGw85WSEltJRNfj9wcfg=":{"valueMac":{"type":"Buffer","data":"iURKej1KbKOhKx9n6PZ9Wgzc2FQu4Ge2CnDhhOyHjck="}},"rfT9hlEuzzDshN/0DZCdEAhwxdAVVPdIKKLLtez7oHo=":{"valueMac":{"type":"Buffer","data":"FZ3Nd9xcWupWdWKzM2mWL0oo5Yq7wcB6h3p9QvUbedM="}},"ruhwG+AM4s7tRusfS0NfAKszQ0mEKMPUkchUaCR6EY8=":{"valueMac":{"type":"Buffer","data":"FC6prdwhqiQGilkVWdWw1NlzaL7PxkdwCJ4oj8/u5Tc="}},"sEAXmn0QQAIk1ok1YVUX+M5FGAOB7YNuRyp/TaKCL2I=":{"valueMac":{"type":"Buffer","data":"0cFG03SFM1ws6ccC8bftR7rhoO0aFvSHH1Y2svv4fas="}},"sELNIzpyUasLlwLyBj+6VEdPBA532DdzWOVd25Pnm0k=":{"valueMac":{"type":"Buffer","data":"TzLly5OD1Gf1DSA0EBN7Okwq8GJhZhM2g/Hi91alyxc="}},"sLncilHE7+VVT18oXYCUdkbC0EpYzckuu/JNA6UDJhs=":{"valueMac":{"type":"Buffer","data":"vcBXo67ISF17hefG3FfMZYWeNRC6Bss6qLqdgvwKLMc="}},"sVI/hX2E7Yvyh2AuEd/Urs7slmZ4f+5cUX9dLshhRXY=":{"valueMac":{"type":"Buffer","data":"mS5dVuHS+Qoz0BpXBubSD1xIY4fz1ugI5Mn+Eq2Pecw="}},"s1QqzIDVVdzpWnwhf4pf9OV4ZDxDwfA66RJnSbY8Kgs=":{"valueMac":{"type":"Buffer","data":"gohXUbFUNWkLtb9wKpgI7oDol5/G6I6ZoSY7Yexfm8M="}},"s4t4frH3MSIn6gRaCH9shO8N7sZqhe7+QBaKqhfpjZs=":{"valueMac":{"type":"Buffer","data":"+uyurwoBP0RsaZpLlXPTepQGew6yjseu50IFvvgMofM="}},"tD02vZg9milKcUhz3jKZLhATdyblvQsOLBplQRBWYZ4=":{"valueMac":{"type":"Buffer","data":"DvwDKU81iTdk439OEh14CAoy+3q9D4qRzwRZn7EiHFs="}},"tPIWrnc47UWni+fT8dVSCJgp9Frg54U7cu+10Eo6DYI=":{"valueMac":{"type":"Buffer","data":"uhz5SU04aWmCpPUWj7e2luB7Xmip90gcprnlLOaL/pw="}},"tW5KHB56WGvnYJE83XaMH1FjUvyVROconNeB5Ht5r+U=":{"valueMac":{"type":"Buffer","data":"4OqxEbLxZxFvHkEudJFM/A9vxst416UiZzEVwgzf+IY="}},"tjlI5qPYWtwnkl9hPWo4Zv2mhwK4G5Bd0PP+5GdTGEI=":{"valueMac":{"type":"Buffer","data":"N0ob/XgQtCRQrg9CK6mVA6s6AUdInt0GkTjcBpbIHLQ="}},"tlDl2rr74xlSUtQELOwAdPabxBhVm6pGlmCYJkRjHpE=":{"valueMac":{"type":"Buffer","data":"1GYedWVjdZ1+dKd9OgVphyGe/14wt6AxwTutxibOPnI="}},"toWUJhibw0A5BSnFmxYKD5eGbsFIpIsu+HZNmo+W5YE=":{"valueMac":{"type":"Buffer","data":"bwH8uAGtgXbkx5ZXdM4MGe+ds0qSmyTjBr0ynyP6mmA="}},"t7JAJsWybBDFzHVqKBYy+tkRQo+1ya32FaKMqEtvO8s=":{"valueMac":{"type":"Buffer","data":"WGDfR0Eq5z8tnzqVJrfBh3jR+evQ4jzn7zWH9KCiFnI="}},"t/wtTMvSix7b2kLuarqd6tHBZDd7/95FH2SyQVKTl+0=":{"valueMac":{"type":"Buffer","data":"Z6jpFDrBidxdTHSeyj1XTFlD3zBWhWuq2Fl/nyVVwyU="}},"uOShBaguH0d9+7bI2XH2q2AGNY7yPUaFt3uqO4SZ9og=":{"valueMac":{"type":"Buffer","data":"AUM5coWenidJ4yglSOYI9ZU37hmKzZcFV/j6rQUxqH8="}},"uPHIJyzmfabLMvp/fx0CANb5/l+3u+VrlR8iBE1+z4E=":{"valueMac":{"type":"Buffer","data":"mR/+K1dq1bRHaQ7ZohRCGNwj9V8vXIb4QuPMvHsc5qA="}},"undKOp6cdtq6HtMhVhbVFq9btZV2gNFspjyaoitVI88=":{"valueMac":{"type":"Buffer","data":"9JllulExDmIM4S33f2OSZHr0fNqInbXUhdAHfsf1fmY="}},"u4MQH1CLiPox7etq7WPEZRGaRqETKjmCMO69gB46GmU=":{"valueMac":{"type":"Buffer","data":"FulwCFIiz2WeeYbFsklnTO9mdNXMayFxo6AFAfmzcTI="}},"vMJe1lcg4veBUi33+IezOwQFpS8kHST8NW4D+G3Wp4s=":{"valueMac":{"type":"Buffer","data":"DjNw+SjvxvD0RodcrPNJt3fRHbQB+io0IY5gy68Y7KY="}},"vreqXlydxKwWyrbtylG6kzd0/dwwdzGbseASBAwR9Cc=":{"valueMac":{"type":"Buffer","data":"Rkv34yonJDNeRJRh/5BRhFAYjVQARClUSn+PMYHCho8="}},"v+sFjVAC11PmnkGWyE3V0Ii7B41modLFVCYollmM/xA=":{"valueMac":{"type":"Buffer","data":"QMmRCOTqWerch9HMU9CCYa7TzJHHLRNAdmUvhMBdQk0="}},"wDoDvHw+XkMNx+LwRKUgrtyiKWt8LQSpVjKia9Z7A98=":{"valueMac":{"type":"Buffer","data":"3tTiHpbAOaE4lh3i8yBaMs78YrvZvdTfAmqVRFgf5dg="}},"wTYJPAS7pV3DErmsIXljVS4n9c/NfwNKe8VnbAnhcIs=":{"valueMac":{"type":"Buffer","data":"Gh9V9ZeolvmgeDeDiyuQ8IjONByRaD3dV7s3STLYuTI="}},"wdy8Q1BYz6r9VZbKhFuveOsFnnpfU10amdEWptUTGrM=":{"valueMac":{"type":"Buffer","data":"nXv97tkVjL5HTc8RQXdoPwTTLGOwVI6sQXybzo5YqAo="}},"wzhDrsqIsTJOpyhhOQS9aPMiCoslnuZQ/V6S+5AxbLw=":{"valueMac":{"type":"Buffer","data":"D/tqEKwerxHALk7TdmQ3MppgFVwiYEFv30F7TwrKVIE="}},"w/s+4nsKR/toWcUloX44neLj23Z7gfgE0Y7DAbOJprs=":{"valueMac":{"type":"Buffer","data":"zkrWWzuWtzFEupK3y136mjq1qloGBDMsekOo4qwxjkw="}},"xHZHhKEbMvIzmFnNYjPPjFPhZavueMHViZ4PbLfJoog=":{"valueMac":{"type":"Buffer","data":"BjNMf+M8eKyBK+FokupTvVWf3yANqMYwZTzWrGMeEbw="}},"xLVkqXZZFiNUey0PY8OP4kyGPavwSDc40J6hPw/F2Kk=":{"valueMac":{"type":"Buffer","data":"6czEpLPhUNWQ33OSryyaaGLbPHQX3VZAxYjHsevQgX0="}},"xm928Hdf5+2vBgWc5vHdjFdL9gtHK9gPgUnwTa5XdII=":{"valueMac":{"type":"Buffer","data":"BqjeIlLLzIJHEDJQIEoUUzwOlBtN8jOFA3vFopMQ8EY="}},"xo98ArIl30hiyTu/+RkvT2ORaZu31GKJhhkVJ/hBSfE=":{"valueMac":{"type":"Buffer","data":"vUgJfP3kY0ESSyNOXCvxGBWdDYxbfJChf6UvrRStzhw="}},"xppdNsags2WZ0f80ip/ThT8Fien5HxWEQcvY+lCbMwM=":{"valueMac":{"type":"Buffer","data":"w1J2WTxAYplAQK/me01JIEeuUrZdTVfTpYJUSI/ywxc="}},"xqlDKoa2VibfwRPY28lxOqBqY2OggD+srW/5RXdhVSI=":{"valueMac":{"type":"Buffer","data":"YFYIU97CcHfsX7b1QYxpy6b+mIitQZdzd0IUp0Eu+/k="}},"xtbQEqCJhu1dAgfSiRJ4YWhVWwrIvFzX49rbUVkmzDQ=":{"valueMac":{"type":"Buffer","data":"raZqIfXVW/+sOV01sRzWfHeZ6q7mwao+rwTwjHva9Ik="}},"xw/fwRMmlMWiRqAp9RfKzhk6kyTH+CI2gTUi7ZCImW4=":{"valueMac":{"type":"Buffer","data":"Dl8x/46qiEfT6n6pdrBDfPaByiwLftRGbKoWuSGhgIA="}},"x+W4dGEazucszGBqVqnPRqA6HPTGn3sm0qfbQI1wx/E=":{"valueMac":{"type":"Buffer","data":"X6WbLgAx4GZMoGBPVAbJCLwV8g0Cz18FsRgmq+MVndk="}},"yNOEpCeT9EzfavkmYZ0y+ZPdFGutmr/RnPD0oSqWHg8=":{"valueMac":{"type":"Buffer","data":"DV51Mg8mgP7MdUE4sX4ZKjvsfpM7H5NNU8nJtOsokxk="}},"yOLL20e2HA+40tr+PaDtDVDnPyYylOiaysgipoNQRw4=":{"valueMac":{"type":"Buffer","data":"vLEEesDdQXS1G883uhcQLbc/3VUmvDuJ4dnP9mesf78="}},"yX2Fd0jM1hhHRYF0Bt8cPVTACUACMC1Ti9pxmJNXe+I=":{"valueMac":{"type":"Buffer","data":"3UwbgGkxsm4sCP9uItuM//4lJSWr+EAUx6w35cjNi6I="}},"yfeNxO9LX/gaAW6tM1X8h/OttFkAErA+b4maDRzMGrg=":{"valueMac":{"type":"Buffer","data":"18ty68boP4Rrv8igJU4MGgYsvLSSAVMP+I70xuuQwOk="}},"yr4Usz23ZKlzAlVFTwenEqs4FzKFC+2FnSXuogL1Fo8=":{"valueMac":{"type":"Buffer","data":"a0JV4lsX0gCyF5z8BHvywKTBTpIAD+ceTQs1/m/9G7o="}},"y8V4nn1FXmE+BcEat/AOhaY5LZvaSwasLDVyzc/e8DA=":{"valueMac":{"type":"Buffer","data":"MUu59xzR8WfPtlGcFizNsONXfOjBg6FiPPD0jWVgfSM="}},"zCB9TvVrPsC82jJxU7zt4rNQzOxjNERgaUJ5XB2H78c=":{"valueMac":{"type":"Buffer","data":"Mrr7zoi4hfrJ9qu5ebQGJomqAXaBOmvZUCR2rHFutC4="}},"zDKe2K6HsKpJvhJx2SqLu+u5ZoJRt1UBahWICWVtdgQ=":{"valueMac":{"type":"Buffer","data":"9m/IZtb9gzcxHRjdR5xsXk8UmauTYkC3W5DpHJAEZwA="}},"zN+1O/0QZp7XcXMrTkZe0z5VudNwBDr8DDSSt7KVgMI=":{"valueMac":{"type":"Buffer","data":"Y3yz/2Jaf2jgGfvUnBIbVF6CIWnutOKQE//u5qyLW5g="}},"zRaWoT77zXBjlbYrWjfArp3DCt0Ld+p+Bjo6hUYI1PY=":{"valueMac":{"type":"Buffer","data":"BoMZz39nbHxwCcVuXROFpc8VUrXRwQFaV/qKX9fNYdQ="}},"zt1KO902kyPVUtfyDi6njaUO5t8WEhiVYrARcDJr3/I=":{"valueMac":{"type":"Buffer","data":"VYdCMxk/A9ZiYzWLR8Ix/91Wy7KYYUYe0BIe1b1PprM="}},"zuQkiROtvRIf3ixdMy/gmkHyMxYxYBlsRW26tf5wrkk=":{"valueMac":{"type":"Buffer","data":"NTW8D9UQoGykJMiCAjGbz9R5CJq4y2vzqNCkUcIugV0="}},"zzbHmf3So00muJnCps5bra94Ctl84Azncc9CixXvfhU=":{"valueMac":{"type":"Buffer","data":"+JRmfRvMPMDiH0mpewitrGLykmBK5Bq/hEeKdDFZZuI="}},"z1NOxpdOHuPnGYh4UcO3yyku8yGDn4GcanZAdlqsfw8=":{"valueMac":{"type":"Buffer","data":"zPvR6IjCcPPSTuv+QJBFpnZxaqd2adQFrCoHW44bDtE="}},"z3K9LfuKpQLNt6gIHoMcYzY2AbyHeeXeqJFEyRkY+u8=":{"valueMac":{"type":"Buffer","data":"xXTmBHzoOxzZsu0ZCk7d/TcSyMyLo2/+zHngti4RShU="}},"0N+XvRdXYjc6WmHOEqjRq5BK7eL8uFar27akFDRvwsY=":{"valueMac":{"type":"Buffer","data":"nnnFq9PFn88KwpCDy32chs4+v/G5oGEbp9TF4gryHkk="}},"0hiAEduRliz1HTxu6/n2R2VjB7KsirrywAoS12VWwaM=":{"valueMac":{"type":"Buffer","data":"GfGFTOypNA3U5I2mZVn/j5LX912RO84RisZMkqxKuSw="}},"0sORKqr+1y1aj4qNPwpfasNdKPBTutwvxA2IELbivoA=":{"valueMac":{"type":"Buffer","data":"pFMds5BwUbKGrK8Jp7ybn4ZRWKHVxBr3TMW4WuXpWEM="}},"086zsj9o77QWB9eIZR9FSGMCuYbBEpUHEgTNGh76LGA=":{"valueMac":{"type":"Buffer","data":"NQ72FVK5rGDmO8KDgy0dP0WVoSvhk/C9dwDkjntYFrw="}},"0/pHU8+X4PV/rUVAq+c+315+0fHyXm8QPAldrYq/TcU=":{"valueMac":{"type":"Buffer","data":"uMAi9b833ToY0BhveY1r+O84CblH0t1NhFvctwQoWAg="}},"1BPA2v7lFGpLHgXlYkjL0j0CA0tDCkqg+Acrvb7ddis=":{"valueMac":{"type":"Buffer","data":"Y/qXU0st8d23u6c47IOGqNbe2JRa2/R7HC3A8MhIrds="}},"1H2UAO8rN8U105rs2R4tbiCxwPpRe7bObJuf6WCx6zo=":{"valueMac":{"type":"Buffer","data":"wprNUT5zRYUePjRyIyOD/z8zL+QE9feYwEaQ3WPyTD0="}},"1Iu77xiz8sDtaJ1GD6Foq675O85Dcktj0CWhzaXdu/0=":{"valueMac":{"type":"Buffer","data":"qQ5KQ+UjwhdFnTLmTpvz026iEH53U898LpTN5VD7uD8="}},"1P9NFz1ZBjb9FwhWHNlrSawpiZv9CuaDp1/gHZvlYVU=":{"valueMac":{"type":"Buffer","data":"fGysUtWVtSCsfT8iQelinltaIy89KgDuiFkwnOYE7GI="}},"1RNwN4pIHaJQQCTMLorc20v8RGyNhV2gveTF8gsLDXs=":{"valueMac":{"type":"Buffer","data":"5jZipE1Q1hPLrDJweXJUGqOJnxuSZA/QLAGDR32llYQ="}},"1aDnetA9OVrxewVXwyVxSF6qzqr0+aAnoPvTp+AjclQ=":{"valueMac":{"type":"Buffer","data":"byGz1/7jqRidpkd2GlDAyfyECaQ+k7Tnc03AiqQzEtg="}},"1eITjC+6UUddAErIhvzyPlFiKTQSQ0MrruiB73iNPyc=":{"valueMac":{"type":"Buffer","data":"WeZUdDiD/DolmNiq0Mfxr6ONkfrLS58e7CqdkiEHWNY="}},"1n68OX1SIkwvkxhrlSpciuglmEBWYLvElPPAgZJ0tpo=":{"valueMac":{"type":"Buffer","data":"eXdOn9a65SLbSkR95k0aYrZ0S0nwulbxZ2TZO3+jAhw="}},"11+aViJcI4kpPNB6HAVsOW+ntUqrzyIk1BmRduSUSVo=":{"valueMac":{"type":"Buffer","data":"PWy5DF8WLXaVUFOMAl5nPdxXA0HwfPU+640GFbLyZ3w="}},"2AvD5hI3sVa9MYW3LS5rY/arQywMggHPBiqNhyoEEpY=":{"valueMac":{"type":"Buffer","data":"mim8uN0ShMcwbsRVecn7gt8ngaf1+4vpUiS8e8JgWyE="}},"2PzARiwlqOcmYZI9SEHZ1Zg8/v6NAjNpI4LobpcRguY=":{"valueMac":{"type":"Buffer","data":"85tnRN0k/Xf+P3vDpdWFLET5RIOnaSDbkP+kXnHSgpU="}},"2ZCDFKmYjqtJUGHkobOaeE8tjs9mjTzufnrV7OdojtY=":{"valueMac":{"type":"Buffer","data":"dt/Mql8yQBH3C+ejIKnDuRM1SeDc3xpKMUOztfxsyV8="}},"2jZahGfPFZKVJQMwJ99Ijx5x4RbJAuIFoglx33TSOMQ=":{"valueMac":{"type":"Buffer","data":"GyI6rBjHv1EuFaxevcKa8a20JJvSj3uF+jDDO6sKrFo="}},"2s5xZRLnDfexKAO66x6h0DYA02pxjs5i/OvZi3oIhro=":{"valueMac":{"type":"Buffer","data":"MEDecEqEHhkm+z97J+k5gjOjQNmUB3vLGt0Jyzqs0H0="}},"2+LBDLpYm6xPYORGcaDtsofsKNmPmVpFIkjAVkHK5eI=":{"valueMac":{"type":"Buffer","data":"derr5q+uHiUN47cK6l9xEyERz3+9xClcwhM0Iy8Uuw4="}},"3HU3ygRKVdxQzgPMMVJYeMrhpSEzoLd0Nab88JtJRSk=":{"valueMac":{"type":"Buffer","data":"wnuhPVwd9hg8djtkqX1cIVGJK+FrEd3R04PgZilS/kk="}},"3b5jfKHqmWFPljOY7XeChjNnModdYqgHgJPa4NJnrsA=":{"valueMac":{"type":"Buffer","data":"bpSe8xA6OPMk+ujAV7xYs6YEj5JltPpfS9Z+8CI7r3Q="}},"33cc5RTdzhxSzl9NYGamN9gF+8Csj33MyBGqJATTNhI=":{"valueMac":{"type":"Buffer","data":"Q8VYQEMs9v7u5oPDA1GWpgcIHOrYla17QdPFdyB84dA="}},"4IulB6837rioo6YkPZVr2+WrfA5kmzWL4LOANOHWSaQ=":{"valueMac":{"type":"Buffer","data":"nGX+fuWwKY1sSBHcgTwAA79vGS2AAbRgCOBjbE+WOW4="}},"4KTYlBf+zVqICVEr7zb2FcJUtgxsPuziP1+6uXSOT7E=":{"valueMac":{"type":"Buffer","data":"bLXsBZCgsdyX9dLMnRhsgw8xbtyv4ClIZQGQMHK/U3k="}},"4qBjzZaAU5P8cuO9DKTNG0BqssS9Da6yvWsJzh6jnDw=":{"valueMac":{"type":"Buffer","data":"53mz/6S3PvUKKPYWPhPdDmvlskW2avbDDFT3T+F8V+U="}},"4tv/JDml3gj9z2aoC1ljJZ1/SO+2t0G9Qp7qFaiiu2U=":{"valueMac":{"type":"Buffer","data":"OdVaVoSSsxjfFk2sxZY9fSLH8QB+vLH5VBLy5oORs/U="}},"4vI7OPotSYq35OOqPH22Rh3z0zubC5i0uXEbsk/yYZs=":{"valueMac":{"type":"Buffer","data":"iHM0izaMVCWJZQnHNGsrH0PHM8gQqtRAofj98MGuIig="}},"41ILdFOxpCZ6Ru1RDysxnLj0q0vddTrnjLcv5gcZ4Pw=":{"valueMac":{"type":"Buffer","data":"gRw5mhvrrlAvn/mcdQXCXuGL0P86zjwDht2xvHfJ4iY="}},"5WKiTVQ5JlUexJamVecsNiuaWPIMDnS7cgIkinzYJ7M=":{"valueMac":{"type":"Buffer","data":"ZHeTHp/K0NnWHj1gsogU2+TvLV7768xFNRDQb78vVyU="}},"5aMwRmi3/5X/AM8nQJO0hYfe0VRbVW24wgQdjAe9mPo=":{"valueMac":{"type":"Buffer","data":"vPleVuq64XsC2gyHLckebr8Vi3Fx0246zAPY2Nzsq7s="}},"5lpAoiN1E51DrLLE+odl5Gtwqt5MCeGLRtvD6Dl9t+w=":{"valueMac":{"type":"Buffer","data":"SSG2vb76Pks+FGLeM9Tax+vO5tX30FnyPz7rggY4yhY="}},"5tfbZCKYUx4VbSvpKSS1dRBetFPRCIQ6v29grMEREy4=":{"valueMac":{"type":"Buffer","data":"v4whVFtBrp+jvn56f95BKNyiMgDAjAKDBt1cxeUoPuQ="}},"5unrIHQaD6eOIX4aVWytELYoqpWdt5er90jPBb+EO6o=":{"valueMac":{"type":"Buffer","data":"JpnpVHgaMXLyUGE6Ocm6PpsOXg403/FoHuughp6PSOU="}},"5u7AXdGETg1XW61GYjouP3MkLIoxV4PwuYpaYdD0VZo=":{"valueMac":{"type":"Buffer","data":"WOnSKe+5kidRrF6KXLTDuC7EX8z2+nUUiH3ki1Y6/ts="}},"5+qy8lNAuifC1CcWE5Os3fnM5MIhWKw0G4W1T6vNrMM=":{"valueMac":{"type":"Buffer","data":"zQmLCTuVgHn8ui9ud9+mxnrsQaIo+9izWu8eHMNlNiM="}},"6PFjTGcxmKLvIxvzpXofJRHosvq9OIJH/AY2lnMgCVc=":{"valueMac":{"type":"Buffer","data":"nQGsNntq4jY4QYrDSfgR3mTizOF+t7g4NrICeKUnXWM="}},"6R/9CHpxhw592l/SrRn20irY/c9y7TxGxForGkxYb2A=":{"valueMac":{"type":"Buffer","data":"YfUyXu7/wfObFdfzgdCLF39hB1B7srzlfQwj5dOuzNo="}},"6YILJKbUFzQ7oHFC/uwynMBVVfXOrURhjlymsCapn9Y=":{"valueMac":{"type":"Buffer","data":"LG8PAravRPyhLEjmo/dl2vL5DpG6zZtz0ZJowz3FSzU="}},"6ZTC4ymjoTZnijmLdLHPNmjcO1UYi/e7bNxUBYW1p2U=":{"valueMac":{"type":"Buffer","data":"/TvjuPVGKbJlV/OQmnH/Y4yDTDMNMjoEuXj9cMwp1zM="}},"6nluQ9+dRhsCGGTR0R3kOM5Yu8uLNyb523Nvk8Iq2OI=":{"valueMac":{"type":"Buffer","data":"fDXohcuVzTrQjd8TlOm8Iy4eZWE6egycsE0LJgwspeU="}},"6tU0mtP3U+0CDzHUTQFb1HEw2qO7dxFsUCtbEtyehk8=":{"valueMac":{"type":"Buffer","data":"sZvh3LqpbN1Nvawj/KRX+3KkNa5Y3kLXSht/XuY3lNY="}},"7yvg60A7gDsWORRFh+A+eIPksfellyW2bCz9pyubJDE=":{"valueMac":{"type":"Buffer","data":"TSj5BZFRzYftIVE27h/FebNygp+1Qm2mtd12hFk0+gQ="}},"8AyNx+7+H/7U+5OS5YGbbydeU2zrphFz29jmVEo8hRU=":{"valueMac":{"type":"Buffer","data":"2E88iWrLge2QdgwRKf4Nmj567WQ6uYVWVhcHQ+2L2Gw="}},"8M/GkpRHfnpDFoawhwxgP/mVq6ryL5X/6r4gOly8wkA=":{"valueMac":{"type":"Buffer","data":"pLsjqB6umUgpWYuSBwRMc5xeaZ8pzhYGmDjwy4psHdc="}},"8SYPGN7hNhUVFPzfW+eD0rgrK4PgxY/3Qyltf0aAJ2U=":{"valueMac":{"type":"Buffer","data":"dezMBar6hRH1kZSqJdK3/9YD6SQri6ZiwJ6jUa4KZtI="}},"8T33ulAZZepszoM4KbRiZmD4IOSQ7IvSyqWB8jGhuGY=":{"valueMac":{"type":"Buffer","data":"ubue0W4gxReeoyyi/NutD42nGZOwq7LL4fKNiVe1MLo="}},"8boh4UUfg1iBBVkDOKEfgyMY3XnfiDrz6787Mhu6nig=":{"valueMac":{"type":"Buffer","data":"PrKbfwe8wcyBLEylGbqIXRCUGXAkFGYBnT5FTlu02ic="}},"8ugUDlL6X46vZAAqwwg8Hma9RHKmslPIMEvF2hmtwVo=":{"valueMac":{"type":"Buffer","data":"tWYu4iOkIkg7jLekhAvhv0I7fmpp384bOf6eKb1IJCM="}},"85KdU+rHbsKktVlk/Td33eB0C8POV51wHhfYdUoZQnM=":{"valueMac":{"type":"Buffer","data":"vxavqqcpx+vnbjN518PeS3pOj5gzQpS34/p/PXkdt7o="}},"9HxXh76+KDeQJIKtBuOiUYfBcjzM3Rhy9DSp4ZLQ45c=":{"valueMac":{"type":"Buffer","data":"olrjtpNN543vbx6j8k/qmYAjtnM9jp56FGR1rFLQHM0="}},"9MeCxEOHUGXp48qAm9V8QO0nCaZUdsiAhGLkRwLlYdY=":{"valueMac":{"type":"Buffer","data":"9+15UmHXhE8A3tzvSnk4xZ4H9BMj2MjiSCrlnTl80kw="}},"9ThOIBw73egR7TdXoNHDCNM+hRV0rLjiez4arhbG74g=":{"valueMac":{"type":"Buffer","data":"Om3df9DXtNivEBsRQROD56TpFB/dDIbLqV7qcVBmg2U="}},"9WLCFR4FvG5h3uJ/Ux1DlBLEmazyCYdcUnNIrFPmRgU=":{"valueMac":{"type":"Buffer","data":"ase4K7Kq8Q3zXsxzpdwXUh2+buQ+Xb5ppGLNpbwp5Wk="}},"9b+/sdeygnrK3ItwlEhEx569YHrD802r59c5+acaAs0=":{"valueMac":{"type":"Buffer","data":"YcGGP4M2X85JNPeQyGhJjGRmtyAlJjObsIORoK7Zrpw="}},"9e5bMybHoQuBrHFCIXlW1DG8Pu49YAjj6DCZGyx/StI=":{"valueMac":{"type":"Buffer","data":"y32Qox065vb+SihfKQE9QbinMPVyimHkY8OtKu6x4AM="}},"9mPOnQjMNFSETpzSuMaAZKQRyTYOUXMjDCNAqrEYtzw=":{"valueMac":{"type":"Buffer","data":"eATBcZhSRugppwCHj+/LL1kYfHXXdwhXoNp/jEN4mBA="}},"9n/IntF55bGIxUeLWDAWuooXy2xoOnbHcXYm4ugN0Ew=":{"valueMac":{"type":"Buffer","data":"1jI3igSiEu2vI13UILyzO+vt7n4BvLQwcShl/Uz7DWk="}},"9xCuOkz4ny8PakkLAmQ+uOVcQP4Nk2lTwmjpRmU+ef8=":{"valueMac":{"type":"Buffer","data":"2WLKWruzM+CS5VhTSOx9j2jrFxogAWPCDZttDv1qjTo="}},"+GZBQbuFCaqm1kZEupGXNnFoquWGbwYoceM5dIfBtfA=":{"valueMac":{"type":"Buffer","data":"1E/PudlFc7a5xNuAAJZIuYaJcxRXHNevgLhXdCXD7a0="}},"+WWlQFMNw4hY2nCrSjBLJWKb9kVRnuyAGw8zPwHeR0c=":{"valueMac":{"type":"Buffer","data":"sApfWM/nV5nSafysRVy9JqY5qisiTZTi8W8rAYWGJvw="}},"+mMAw2xrQXbOtzhKcQ4sDUFtCwzFlt5wKgz6mebEYM0=":{"valueMac":{"type":"Buffer","data":"1W9G3RGsmooGOHeT3kaOdsVYMg/VApYr7CkrR+zqugU="}},"/HAYAOAeV+NuJA6/e8xm70hy7wFVM/fWnJgkI1JUD/I=":{"valueMac":{"type":"Buffer","data":"ILfUFmLdq4hTIIuqAo3bRffPmcSoveJHnfENJrNPS8k="}},"/W+7u4SAD+7gRI9fco+kKXr0JOIXUtuZBfpL443KTQA=":{"valueMac":{"type":"Buffer","data":"ZZQczSDj9K1MRAzsxDkhCEhv9vJuN+yTAZ1c+Vxv0Dc="}},"/n91kc6wP2HvUKwz0e2eQ0HXL9N7HhCVQl9U5pQIx6o=":{"valueMac":{"type":"Buffer","data":"Pgqg+lTZJVE9c/GfqMj17Uy+C3HuGgPNYo0blf9EsyM="}},"/0hUqZIM2WEwYzt9kdeyZE0IgBqkWXO5q45mj09Q8uU=":{"valueMac":{"type":"Buffer","data":"ceXwuj5rdqulXhc3dtLEC6UVTAhdQluKMOEJQYmH3WY="}},"HXHQ7D2gTm+C7Vsam5eihhuea8PLOPFLcnZGSFs4R/o=":{"valueMac":{"type":"Buffer","data":"hQxANMQqIR/1CpsSv3jXrjVunFW09gYaG9LAgGxqXjw="}},"muxL+gxdWe3Su834hKnsrOuzZt/NHvpYzXfp5hJc4B0=":{"valueMac":{"type":"Buffer","data":"ifTvVPGQjvLk78JjZ+01ANaUynqVMCZkgUmo2k9Ga8Y="}},"VxzeO5FZtc/UgphNppL7dSx4ZYmqCfQuPRaXtUSasgM=":{"valueMac":{"type":"Buffer","data":"sEheB2Ey05M9/K2xVJVBS+6MXjiPs3uDex0hoR703Z4="}},"IuzkcDKH0Rvcb42/nuXDteeOcf4IRS9R1oH2f45mgqE=":{"valueMac":{"type":"Buffer","data":"cjJj9jTu5J4evKwkzxvR6JQNFa25wBrRkoWmLUlnmx8="}}}}