{"version":21,"hash":{"type":"Buffer","data":"1E5hKWwdvS/UicasTaNAI1y2UkW05+l9RLTYAtnuLR6mkC6OC5SJTgoxenPhIQCVLJ6tLam5SNhUH0ZZ4M31ESzCdHfR9WuM2f2MiGcVPJVFCSNHnOZh/UpI3fnVy8GOmx7Tx1tqQxfvtRNTK7RRC8R5SMmU8fE0GJ/qDNxInZQ="},"indexValueMap":{"Fgpfczme5fdBX4WV63lX5xf0Ja+bKI4fD3dJQYRtWG0=":{"valueMac":{"type":"Buffer","data":"UBqrIZeLzqWKLdD8ZkbZCwYPoxfnakrSmmYWXEijdG4="}},"sSbZgXtqf/A8puM2VDxRiSUXBOJ1PFgJoMYViH+BmSA=":{"valueMac":{"type":"Buffer","data":"M+FPoi22WTBpn2Lotq1wQakjkUJobxj3j1MOSvBHWKM="}},"/HRSD60tg/mFXF1Xi89yYkHjF1WyILQ7md5eYv7yTg4=":{"valueMac":{"type":"Buffer","data":"T5BhNnL6ZmiGvO9I3qsoPtnNnHsUtql7iLKsrZjJdi0="}},"of5FgNVudYNG6bFQOtxypH4qJPzk/T+KL1XZOIfXQ80=":{"valueMac":{"type":"Buffer","data":"1R22UsuO54Yf8N6DF8bo5iaKj38BB9u4UCnYnNoxPjk="}},"FqvoJ9uKwBJ9+cBEtdDTPTe9LSzV8d4RCx8laptlFcA=":{"valueMac":{"type":"Buffer","data":"gcDolJOTfn0N83TIsxqt+QeoFhxqQMI8576tFInPU/g="}}}}