{"noiseKey":{"private":{"type":"Buffer","data":"cM2N9hLPPV23rjb5qhYiYt/p9dNsFm6zCaYe9yRsk1M="},"public":{"type":"Buffer","data":"1m680w2esO8jHsvsRgXd3fh/sX+yJ9KZsXmnCufz5B8="}},"pairingEphemeralKeyPair":{"private":{"type":"Buffer","data":"WD9B/bU8MYOql1ZEWSes21M63ystArI0JdMTz585pVY="},"public":{"type":"Buffer","data":"d1CYiwZqbsiTXeSlm0EbcO9ekMzr3xH0its84K+dExI="}},"signedIdentityKey":{"private":{"type":"Buffer","data":"yMUZiCjAK6vZf/shc4fMl0juG7b3PVb0GcxAQxhtB0A="},"public":{"type":"Buffer","data":"EMji0ZzhxTiyXDLd1OQdbH5PBD4CX/gXCvhhjqEvZB8="}},"signedPreKey":{"keyPair":{"private":{"type":"Buffer","data":"sAqmZBSbQh5LQaAorWFGm8h6Uhr7xS1RTpHRYyj+zXc="},"public":{"type":"Buffer","data":"UGg3Yl3dklUbRMXxv1wE2WgOCMLq8TDZQ5sjb+0GlmM="}},"signature":{"type":"Buffer","data":"JmTtneCadRpaQIBmw8xHZpeY0o1BgLeWCTo87tOU3swuUzTZjLbGKLeaNNkZ3GX5emJJdVtbLM8E03EArRLMhw=="},"keyId":1},"registrationId":130,"advSecretKey":"XNKeaLcx6xPe7FgEHaIqqsGMfjb0KbBxYwd36DXkBQY=","processedHistoryMessages":[{"key":{"remoteJid":"6285182626887@s.whatsapp.net","fromMe":true,"id":"8C7D5FF1D6733FE054FADE48963F2247"},"messageTimestamp":1741051627},{"key":{"remoteJid":"6285182626887@s.whatsapp.net","fromMe":true,"id":"BE0872C3C6126389EBB372DA58250DFF"},"messageTimestamp":1741051643}],"nextPreKeyId":31,"firstUnuploadedPreKeyId":31,"accountSyncCounter":1,"accountSettings":{"unarchiveChats":false},"deviceId":"DKxXzsOZRreHHBhJQxnaZw","phoneId":"1fb39f14-967e-4390-954a-242944fdd256","identityId":{"type":"Buffer","data":"AqkxO7Ugi1B6E2tXru/RI1W6Xh0="},"registered":true,"backupToken":{"type":"Buffer","data":"Jq2npGQD206ONNNNH8BsXqdmwEA="},"registration":{},"pairingCode":"DLS4TYW1","lastPropHash":"1K4hH4","routingInfo":{"type":"Buffer","data":"CAsICA=="},"me":{"id":"6285182626887:59@s.whatsapp.net","name":"salomon BOT","jid":"6285182626887@s.whatsapp.net","lid":"8646222168200:59@lid"},"account":{"details":"CPixg6MCEOatmb4GGDMgACgA","accountSignatureKey":"otyfCRwgOEqaEvMtcQw58TFhC1gFWsLGNnYDZZb8b2A=","accountSignature":"v/5mAsYvahpWBwEV5ooYyxWO/XDCxOJHAeMTLqM5CWmnatMhzQ1EE+AdDy25Sde53DuaE/4Tfqz3cYNf+nWzBA==","deviceSignature":"PEacsFRwjl+ShLPu1YXYtnvdcLhkISQPN2MAqThcqkDWUIwDnDYXJL20j8YAu2pFAwgfFPFZJ8gk4ccypil0jw=="},"signalIdentities":[{"identifier":{"name":"6285182626887:59@s.whatsapp.net","deviceId":0},"identifierKey":{"type":"Buffer","data":"BaLcnwkcIDhKmhLzLXEMOfExYQtYBVrCxjZ2A2WW/G9g"}}],"platform":"android","lastAccountSyncTimestamp":1741051625,"myAppStateKeyId":"AAAAAA9n"}