{"_sessions":{"Bd3IaNitm0VtHFYa+pyUx++DnDl2Urg/3xlsU0PcnFxj":{"registrationId":253424818,"currentRatchet":{"ephemeralKeyPair":{"pubKey":"Bd2REWHvITobJF9tAv45HELcy1M18Kx7ASnOHgjX6sR0","privKey":"2DXtWJ1xbP/4GbAM6GT+26DJxVuWQFF5hmAURRAYZVU="},"lastRemoteEphemeralKey":"Bcl8fsN4OMaGXGiL3J75akFIeJ0mAVyjInqrfdSSGMkE","previousCounter":0,"rootKey":"dy/fF4Kb9Gyfud79HkQ/VejgZHaTYTr7turSoRRq4Xs="},"indexInfo":{"baseKey":"Bd3IaNitm0VtHFYa+pyUx++DnDl2Urg/3xlsU0PcnFxj","baseKeyType":2,"closed":-1,"used":1741051626103,"created":1741051626103,"remoteIdentityKey":"BaLcnwkcIDhKmhLzLXEMOfExYQtYBVrCxjZ2A2WW/G9g"},"_chains":{"Bcl8fsN4OMaGXGiL3J75akFIeJ0mAVyjInqrfdSSGMkE":{"chainKey":{"counter":5,"key":"5C0Pkz5UZogtpp6O8IF/V8pQNhymUdNCDCfotYnCc2k="},"chainType":2,"messageKeys":{}},"Bd2REWHvITobJF9tAv45HELcy1M18Kx7ASnOHgjX6sR0":{"chainKey":{"counter":-1,"key":"+/mq/QXv2N/IjUe3i/7M4zAD6Ss5haoqqSW0Fb8lbzw="},"chainType":1,"messageKeys":{}}}}},"version":"v1"}